season,home_team,home_conference,home_score,away_team,away_conference,away_score,lines,spread,formatted_spread,spread_open,over_under,
2013.0,Mississippi State,SEC,44.0,Rice,Conference USA,7.0,1,-7.5,Mississippi State,,,
2013.0,Arizona,ACC,42.0,Boston College,Pac-12,19.0,1,7.0,Arizona,,,
2013.0,Texas A&M,SEC,52.0,Duke,ACC,48.0,1,-13.0,Texas A&M,,,
2013.0,UCLA,Pac-12,42.0,Virginia Tech,ACC,12.0,1,-7.0,UCLA,,,
2013.0,Ole Miss,ACC,25.0,Georgia Tech,SEC,17.0,1,4.0,Ole Miss,,,
2013.0,Navy,FBS Independents,24.0,Middle Tennessee,Conference USA,6.0,1,-7.0,Navy,,,
2013.0,Texas Tech,Big 12,37.0,Arizona State,Pac-12,23.0,0,13.0,Arizona State,,,
2013.0,Oregon,Big 12,30.0,Texas,Pac-12,7.0,1,14.0,Oregon,,,
2013.0,Kansas State,Big 12,31.0,Michigan,Big Ten,14.0,1,-3.0,Kansas State,,,
2013.0,North Carolina,ACC,39.0,Cincinnati,American Athletic,17.0,1,-2.0,North Carolina,,,
2013.0,Notre Dame,FBS Independents,29.0,Rutgers,American Athletic,16.0,1,-17.5,Notre Dame,,,
2013.0,USC,Pac-12,45.0,Fresno State,Mountain West,20.0,1,-6.0,USC,,,
2013.0,Michigan State,Big Ten,24.0,Stanford,Pac-12,20.0,0,3.5,Stanford,,,
2013.0,Florida State,SEC,34.0,Auburn,ACC,31.0,1,6.5,Florida State,,,
2013.0,Arkansas State,Mid-American,23.0,Ball State,Sun Belt,20.0,0,-7.5,Ball State,,,
2013.0,Vanderbilt,American Athletic,41.0,Houston,SEC,24.0,1,1.5,Vanderbilt,,,
2013.0,Missouri,SEC,41.0,Oklahoma State,Big 12,31.0,1,-1.5,Missouri,,,
2013.0,Clemson,Big Ten,40.0,Ohio State,ACC,35.0,0,-4.0,Ohio State,,,
2013.0,Oklahoma,SEC,45.0,Alabama,Big 12,31.0,0,-16.0,Alabama,,,
2013.0,North Texas,Conference USA,36.0,UNLV,Mountain West,14.0,1,-6.5,North Texas,,,
2013.0,Nebraska,SEC,24.0,Georgia,Big Ten,19.0,0,-9.5,Georgia,,,
2013.0,LSU,SEC,21.0,Iowa,Big Ten,14.0,1,-7.5,LSU,,,
2013.0,South Carolina,SEC,34.0,Wisconsin,Big Ten,24.0,0,2.0,Wisconsin,,,
2013.0,UCF,Big 12,52.0,Baylor,American Athletic,42.0,0,-16.5,Baylor,,,
2013.0,Louisville,American Athletic,36.0,Miami,ACC,9.0,1,-3.0,Louisville,,,
2013.0,Washington,Pac-12,31.0,BYU,FBS Independents,16.0,1,-3.0,Washington,,,
2013.0,Syracuse,Big Ten,21.0,Minnesota,ACC,17.0,0,-4.5,Minnesota,,,
2013.0,Marshall,ACC,31.0,Maryland,Conference USA,20.0,1,3.0,Marshall,,,
2013.0,Pittsburgh,Mid-American,30.0,Bowling Green,ACC,27.0,0,-6.0,Bowling Green,,,
2013.0,Utah State,Mid-American,21.0,Northern Illinois,Mountain West,14.0,0,-2.5,Northern Illinois,,,
2013.0,Oregon State,Pac-12,38.0,Boise State,Mountain West,23.0,0,4.5,Boise State,,,
2013.0,East Carolina,Conference USA,37.0,Ohio,Mid-American,20.0,1,-13.0,East Carolina,,,
2013.0,Louisiana,Sun Belt,24.0,Tulane,Conference USA,21.0,0,1.0,Tulane,,,
2013.0,San Diego State,Mountain West,49.0,Buffalo,Mid-American,24.0,0,2.0,Buffalo,,,
2013.0,Colorado State,Mountain West,48.0,Washington State,Pac-12,45.0,0,3.0,Washington State,,,
,,,,,,,0.5714285714285714,,,,,
2014.0,Penn State,Big Ten,31.0,Boston College,ACC,30.0,0,2.5,Boston College,,,
2014.0,Clemson,ACC,40.0,Oklahoma,Big 12,6.0,0,6.0,Oklahoma,,49.0,
2014.0,Texas A&M,Big 12,45.0,West Virginia,SEC,37.0,0,-3.5,West Virginia,,,
2014.0,Arkansas,Big 12,31.0,Texas,SEC,7.0,1,5.0,Arkansas,,,
2014.0,Georgia,ACC,37.0,Louisville,SEC,14.0,1,7.0,Georgia,,,
2014.0,Notre Dame,SEC,31.0,LSU,FBS Independents,28.0,0,-7.5,LSU,,,
2014.0,Stanford,Pac-12,45.0,Maryland,Big Ten,21.0,1,-13.0,Stanford,,,
2014.0,TCU,Big 12,42.0,Ole Miss,SEC,3.0,1,-3.0,TCU,,,
2014.0,Ohio State,Big Ten,42.0,Alabama,SEC,35.0,0,9.0,Alabama,,,
2014.0,Oregon,ACC,59.0,Florida State,Pac-12,20.0,1,8.5,Oregon,,,
2014.0,Michigan State,Big 12,42.0,Baylor,Big Ten,41.0,0,-1.5,Baylor,,,
2014.0,Missouri,Big Ten,33.0,Minnesota,SEC,17.0,1,6.5,Missouri,,,
2014.0,Wisconsin,Big Ten,34.0,Auburn,SEC,31.0,0,6.5,Auburn,,,
2014.0,UCLA,Pac-12,40.0,Kansas State,Big 12,35.0,0,2.5,Kansas State,,,
2014.0,Houston,ACC,35.0,Pittsburgh,American Athletic,34.0,0,-2.0,Pittsburgh,,,
2014.0,Tennessee,SEC,45.0,Iowa,Big Ten,28.0,1,-3.0,Tennessee,,,
2014.0,Oklahoma State,Big 12,30.0,Washington,Pac-12,22.0,0,5.0,Washington,,,
2014.0,Florida,SEC,28.0,East Carolina,American Athletic,20.0,1,-7.0,Florida,,,
2014.0,Toledo,Sun Belt,63.0,Arkansas State,Mid-American,44.0,1,1.0,Toledo,,,
2014.0,Ohio State,Big Ten,42.0,Oregon,Pac-12,20.0,0,6.5,Oregon,,,
2014.0,Utah,Mountain West,45.0,Colorado State,Pac-12,10.0,1,4.0,Utah,,,
2014.0,Louisiana,Sun Belt,16.0,Nevada,Mountain West,3.0,0,1.5,Nevada,,63.0,
2014.0,Utah State,Conference USA,21.0,UTEP,Mountain West,6.0,1,11.0,Utah State,,,
2014.0,Air Force,Mountain West,38.0,Western Michigan,Mid-American,24.0,0,3.0,Western Michigan,,,
2014.0,Bowling Green,Mid-American,33.0,South Alabama,Sun Belt,28.0,1,-1.5,Bowling Green,,,
2014.0,Memphis,American Athletic,55.0,BYU,FBS Independents,48.0,1,-1.0,Memphis,,,
2014.0,Marshall,Mid-American,52.0,Northern Illinois,Conference USA,23.0,1,11.0,Marshall,,,
2014.0,Navy,Mountain West,17.0,San Diego State,FBS Independents,16.0,0,-3.5,San Diego State,,51.0,
2014.0,Western Kentucky,Conference USA,49.0,Central Michigan,Mid-American,48.0,1,-1.5,Western Kentucky,,,
2014.0,Rice,Conference USA,30.0,Fresno State,Mountain West,6.0,0,2.0,Fresno State,,,
2014.0,Louisiana Tech,Conference USA,35.0,Illinois,Big Ten,18.0,1,-4.0,Louisiana Tech,,,
2014.0,Rutgers,ACC,40.0,North Carolina,Big Ten,21.0,0,-3.0,North Carolina,,,
2014.0,NC State,American Athletic,34.0,UCF,ACC,27.0,0,-3.0,UCF,,,
2014.0,Arizona State,ACC,36.0,Duke,Pac-12,31.0,1,9.0,Arizona State,,,
2014.0,USC,Pac-12,45.0,Nebraska,Big Ten,42.0,1,-4.0,USC,,,
2014.0,Virginia Tech,ACC,33.0,Cincinnati,American Athletic,17.0,0,3.5,Cincinnati,,,
2014.0,South Carolina,SEC,24.0,Miami,ACC,21.0,0,3.0,Miami,,62.0,
2014.0,Georgia Tech,ACC,49.0,Mississippi State,SEC,34.0,0,7.0,Mississippi State,,,
2014.0,Boise State,Pac-12,38.0,Arizona,Mountain West,30.0,0,-4.0,Arizona,,,
,,,,,,,0.46153846153846156,,,,,
2015.0,California,Mountain West,55.0,Air Force,Pac-12,36.0,1,5.5,California,,69.5,'consensus'
2015.0,Nevada,Mountain West,28.0,Colorado State,Mountain West,23.0,0,-4.5,Colorado State,,56.0,'consensus'
2015.0,Wisconsin,Big Ten,23.0,USC,Pac-12,21.0,0,3.5,USC,,50.0,'consensus'
2015.0,Auburn,American Athletic,31.0,Memphis,SEC,10.0,1,3.0,Auburn,,64.5,'consensus'
2015.0,Mississippi State,SEC,51.0,NC State,ACC,28.0,1,-6.0,Mississippi State,,61.5,'consensus'
2015.0,Louisville,ACC,27.0,Texas A&M,SEC,21.0,1,-3.0,Louisville,,50.5,'consensus'
2015.0,Clemson,ACC,37.0,Oklahoma,Big 12,17.0,0,3.5,Oklahoma,,61.5,'consensus'
2015.0,Alabama,SEC,38.0,Michigan State,Big Ten,0.0,1,-10.0,Alabama,,45.5,'consensus'
2015.0,Houston,ACC,38.0,Florida State,American Athletic,24.0,0,-7.5,Florida State,,56.5,'consensus'
2015.0,Stanford,Big Ten,45.0,Iowa,Pac-12,16.0,1,6.5,Stanford,,51.0,'consensus'
2015.0,Ohio State,Big Ten,44.0,Notre Dame,FBS Independents,28.0,1,-4.5,Ohio State,,57.5,'consensus'
2015.0,Ole Miss,SEC,48.0,Oklahoma State,Big 12,20.0,1,-7.5,Ole Miss,,70.0,'consensus'
2015.0,Tennessee,SEC,45.0,Northwestern,Big Ten,6.0,1,-9.5,Tennessee,,48.5,'consensus'
2015.0,Michigan,SEC,41.0,Florida,Big Ten,7.0,1,3.5,Michigan,,40.0,'consensus'
2015.0,TCU,Big 12,47.0,Oregon,Pac-12,41.0,0,7.5,Oregon,,73.5,
2015.0,Georgia,SEC,24.0,Penn State,Big Ten,17.0,1,-6.0,Georgia,,44.0,'consensus'
2015.0,Arkansas,SEC,45.0,Kansas State,Big 12,23.0,1,-13.5,Arkansas,,56.5,'consensus'
2015.0,West Virginia,Pac-12,43.0,Arizona State,Big 12,42.0,1,3.0,West Virginia,,61.0,'consensus'
2015.0,Alabama,ACC,45.0,Clemson,SEC,40.0,1,6.0,Alabama,,50.5,'consensus'
2015.0,Western Michigan,Mid-American,45.0,Middle Tennessee,Conference USA,31.0,1,-3.0,Western Michigan,,65.0,'consensus'
2015.0,San Diego State,American Athletic,42.0,Cincinnati,Mountain West,7.0,1,2.0,San Diego State,,56.5,'consensus'
2015.0,Marshall,Conference USA,16.0,Connecticut,American Athletic,10.0,1,-3.0,Marshall,,44.5,'consensus'
2015.0,Washington State,Pac-12,20.0,Miami,ACC,14.0,1,-1.5,Washington State,,62.0,'consensus'
2015.0,Utah,Pac-12,35.0,BYU,FBS Independents,28.0,1,-2.5,Utah,,49.5,'consensus'
2015.0,Arizona,Mountain West,45.0,New Mexico,Pac-12,37.0,1,9.0,Arizona,,65.0,'consensus'
2015.0,Appalachian State,Sun Belt,31.0,Ohio,Mid-American,29.0,1,-7.0,Appalachian State,,55.0,'consensus'
2015.0,San José State,Sun Belt,27.0,Georgia State,Mountain West,16.0,1,1.0,San José State,,55.0,'consensus'
2015.0,Louisiana Tech,Conference USA,47.0,Arkansas State,Sun Belt,28.0,1,-1.0,Louisiana Tech,,65.0,'consensus'
2015.0,Western Kentucky,American Athletic,45.0,South Florida,Conference USA,35.0,1,3.0,Western Kentucky,,68.0,'consensus'
2015.0,Toledo,Mid-American,32.0,Temple,American Athletic,17.0,0,1.5,Temple,,49.5,'consensus'
2015.0,Akron,Mountain West,23.0,Utah State,Mid-American,21.0,0,-7.5,Utah State,,47.0,'consensus'
2015.0,Boise State,Mid-American,55.0,Northern Illinois,Mountain West,7.0,1,6.5,Boise State,,57.0,'consensus'
2015.0,Georgia Southern,Mid-American,58.0,Bowling Green,Sun Belt,27.0,0,-4.5,Bowling Green,,62.5,'consensus'
2015.0,Washington,Conference USA,44.0,Southern Mississippi,Pac-12,31.0,1,7.5,Washington,,51.5,'consensus'
2015.0,Duke,ACC,44.0,Indiana,Big Ten,41.0,0,3.0,Indiana,,72.5,'consensus'
2015.0,Virginia Tech,ACC,55.0,Tulsa,American Athletic,52.0,1,-14.0,Virginia Tech,,62.0,'consensus'
2015.0,Nebraska,Big Ten,37.0,UCLA,Pac-12,29.0,0,4.5,UCLA,,61.0,'consensus'
2015.0,Navy,American Athletic,44.0,Pittsburgh,ACC,28.0,1,-3.0,Navy,,51.5,'consensus'
2015.0,Minnesota,Big Ten,21.0,Central Michigan,Mid-American,14.0,1,-6.0,Minnesota,,49.5,'consensus'
2015.0,Baylor,Big 12,49.0,North Carolina,ACC,38.0,0,2.0,North Carolina,,73.0,'consensus'
2015.0,LSU,Big 12,56.0,Texas Tech,SEC,27.0,1,7.0,LSU,,73.5,'consensus'
,,,,,,,0.7317073170731707,,,,,
2016.0,Oklahoma,Big 12,35.0,Auburn,SEC,19.0,1,-2.0,Oklahoma,,67.0,
2016.0,Wisconsin,Big Ten,24.0,Western Michigan,Mid-American,16.0,1,-9.0,Wisconsin,,53.5,
2016.0,Minnesota,Pac-12,17.0,Washington State,Big Ten,12.0,0,-8.5,Washington State,,61.0,
2016.0,Southern Mississippi,Sun Belt,28.0,Louisiana,Conference USA,21.0,1,5.5,Southern Mississippi,,56.5,
2016.0,Idaho,Mountain West,61.0,Colorado State,Sun Belt,50.0,0,-16.0,Colorado State,,64.5,
2016.0,Old Dominion,Conference USA,24.0,Eastern Michigan,Mid-American,20.0,1,-5.0,Old Dominion,,63.0,
2016.0,Hawai'i,Conference USA,52.0,Middle Tennessee,Mountain West,35.0,0,-7.5,Middle Tennessee,,70.0,
2016.0,Baylor,Big 12,31.0,Boise State,Mountain West,12.0,0,7.0,Boise State,,70.5,
2016.0,Air Force,Mountain West,45.0,South Alabama,Sun Belt,21.0,1,-14.5,Air Force,,54.0,
2016.0,Appalachian State,Mid-American,31.0,Toledo,Sun Belt,28.0,1,1.0,Appalachian State,,59.5,
2016.0,Florida,Big Ten,30.0,Iowa,SEC,3.0,1,1.0,Florida,,41.0,
2016.0,Clemson,SEC,35.0,Alabama,ACC,31.0,0,-6.5,Alabama,,51.0,
2016.0,BYU,Mountain West,24.0,Wyoming,FBS Independents,21.0,1,10.0,BYU,,56.0,
2016.0,Louisiana Tech,American Athletic,48.0,Navy,Conference USA,45.0,1,7.5,Louisiana Tech,,67.0,
2016.0,Troy,Sun Belt,28.0,Ohio,Mid-American,23.0,1,-6.0,Troy,,49.5,
2016.0,Boston College,ACC,36.0,Maryland,Big Ten,30.0,0,1.0,Maryland,,43.5,
2016.0,NC State,SEC,41.0,Vanderbilt,ACC,17.0,1,6.5,NC State,,46.5,
2016.0,Wake Forest,ACC,34.0,Temple,American Athletic,26.0,0,10.5,Temple,,41.5,
2016.0,Army,Conference USA,38.0,North Texas,FBS Independents,31.0,1,10.5,Army,,47.0,
2016.0,Miami,ACC,31.0,West Virginia,Big 12,14.0,1,-3.0,Miami,,57.5,
2016.0,Utah,Pac-12,26.0,Indiana,Big Ten,24.0,1,-3.5,Utah,,54.0,
2016.0,Northwestern,Big Ten,31.0,Pittsburgh,ACC,24.0,0,3.5,Pittsburgh,,63.0,
2016.0,Kansas State,Big 12,33.0,Texas A&M,SEC,28.0,0,4.0,Texas A&M,,56.0,
2016.0,Oklahoma State,Pac-12,38.0,Colorado,Big 12,8.0,0,-3.0,Colorado,,64.0,
2016.0,New Mexico,Conference USA,23.0,UT San Antonio,Mountain West,20.0,1,9.0,New Mexico,,54.0,
2016.0,Western Kentucky,Conference USA,51.0,Memphis,American Athletic,31.0,1,-6.5,Western Kentucky,,78.5,
2016.0,USC,Big Ten,52.0,Penn State,Pac-12,49.0,1,7.0,USC,,59.5,
2016.0,San Diego State,Mountain West,34.0,Houston,American Athletic,10.0,0,4.5,Houston,,50.5,
2016.0,Arkansas State,American Athletic,31.0,UCF,Sun Belt,13.0,0,-4.0,UCF,,51.0,
2016.0,Tulsa,American Athletic,55.0,Central Michigan,Mid-American,10.0,1,-13.0,Tulsa,,67.5,
2016.0,Mississippi State,SEC,17.0,Miami (OH),Mid-American,16.0,1,-14.5,Mississippi State,,57.5,
2016.0,Virginia Tech,ACC,35.0,Arkansas,SEC,24.0,1,-7.5,Virginia Tech,,61.0,
2016.0,South Florida,SEC,46.0,South Carolina,American Athletic,39.0,1,10.0,South Florida,,58.0,
2016.0,Florida State,ACC,33.0,Michigan,Big Ten,32.0,0,7.0,Michigan,,50.5,
2016.0,Stanford,ACC,25.0,North Carolina,Pac-12,23.0,1,2.5,Stanford,,54.5,
2016.0,Georgia,Big 12,31.0,TCU,SEC,23.0,0,-3.0,TCU,,48.5,
2016.0,Alabama,SEC,24.0,Washington,Pac-12,7.0,1,-12.5,Alabama,,50.5,
2016.0,Clemson,ACC,31.0,Ohio State,Big Ten,0.0,0,1.0,Ohio State,,56.0,
2016.0,LSU,ACC,29.0,Louisville,SEC,9.0,1,3.0,LSU,,59.5,
2016.0,Georgia Tech,SEC,33.0,Kentucky,ACC,18.0,1,3.0,Georgia Tech,,61.0,
2016.0,Tennessee,SEC,38.0,Nebraska,Big Ten,24.0,1,-9.5,Tennessee,,59.0,
,,,,,,,0.6341463414634146,,,,,
2017.0,Middle Tennessee,Sun Belt,35.0,Arkansas State,Conference USA,30.0,0,-3.0,Arkansas State,,60.5,
2017.0,Louisiana Tech,American Athletic,51.0,SMU,Conference USA,10.0,0,-4.0,SMU,,71.0,
2017.0,Boise State,Pac-12,38.0,Oregon,Mountain West,28.0,0,-7.0,Oregon,,62.5,
2017.0,Troy,Conference USA,50.0,North Texas,Sun Belt,30.0,1,4.5,Troy,,62.0,
2017.0,Alabama,SEC,26.0,Georgia,SEC,23.0,1,3.5,Alabama,,45.5,
2017.0,Alabama,ACC,24.0,Clemson,SEC,6.0,1,3.5,Alabama,,46.5,
2017.0,Georgia,Big 12,54.0,Oklahoma,SEC,48.0,1,2.5,Georgia,,62.5,
2017.0,UCF,SEC,34.0,Auburn,American Athletic,27.0,0,-10.5,Auburn,,66.0,
2017.0,Notre Dame,SEC,21.0,LSU,FBS Independents,17.0,0,-2.0,LSU,,53.5,
2017.0,Iowa,ACC,27.0,Boston College,Big Ten,20.0,1,2.5,Iowa,,46.0,
2017.0,Georgia State,Sun Belt,27.0,Western Kentucky,Conference USA,17.0,0,4.5,Western Kentucky,,54.0,
2017.0,Marshall,Mountain West,31.0,Colorado State,Conference USA,28.0,0,-3.0,Colorado State,,58.5,
2017.0,Florida Atlantic,Conference USA,50.0,Akron,Mid-American,3.0,1,-23.0,Florida Atlantic,,65.0,
2017.0,Temple,Conference USA,28.0,Florida International,American Athletic,3.0,1,7.0,Temple,,57.0,
2017.0,Ohio,Mid-American,41.0,UAB,Conference USA,6.0,1,-6.5,Ohio,,55.5,
2017.0,Wyoming,Mountain West,37.0,Central Michigan,Mid-American,14.0,1,-3.0,Wyoming,,47.0,
2017.0,South Florida,American Athletic,38.0,Texas Tech,Big 12,34.0,1,-2.0,South Florida,,66.0,
2017.0,Army,FBS Independents,42.0,San Diego State,Mountain West,35.0,0,6.5,San Diego State,,47.0,
2017.0,Appalachian State,Mid-American,34.0,Toledo,Sun Belt,0.0,0,-6.0,Toledo,,61.0,
2017.0,Fresno State,American Athletic,33.0,Houston,Mountain West,27.0,0,-3.0,Houston,,51.5,
2017.0,Utah,Big 12,30.0,West Virginia,Pac-12,14.0,1,7.0,Utah,,56.0,
2017.0,Duke,Mid-American,36.0,Northern Illinois,ACC,14.0,1,5.5,Duke,,49.0,
2017.0,Kansas State,Pac-12,35.0,UCLA,Big 12,17.0,1,6.0,Kansas State,,60.0,
2017.0,Florida State,ACC,42.0,Southern Mississippi,Conference USA,13.0,1,-13.0,Florida State,,48.5,
2017.0,Purdue,Big Ten,38.0,Arizona,Pac-12,35.0,0,2.5,Arizona,,64.5,
2017.0,Texas,SEC,33.0,Missouri,Big 12,16.0,0,-3.0,Missouri,,61.5,
2017.0,TCU,Big 12,39.0,Stanford,Pac-12,37.0,1,-3.0,TCU,,49.5,
2017.0,Michigan State,Big Ten,42.0,Washington State,Pac-12,17.0,1,-2.5,Michigan State,,47.0,
2017.0,Oklahoma State,Big 12,30.0,Virginia Tech,ACC,21.0,1,-5.5,Oklahoma State,,61.5,
2017.0,Navy,American Athletic,49.0,Virginia,ACC,7.0,1,-2.5,Navy,,51.0,
2017.0,Ohio State,Big Ten,24.0,USC,Pac-12,7.0,1,-10.0,Ohio State,,65.0,
2017.0,Northwestern,Big Ten,24.0,Kentucky,SEC,23.0,1,-7.5,Northwestern,,51.5,
2017.0,NC State,Pac-12,52.0,Arizona State,ACC,31.0,1,4.5,NC State,,61.5,
2017.0,Wake Forest,SEC,55.0,Texas A&M,ACC,52.0,1,3.5,Wake Forest,,63.0,
2017.0,New Mexico State,Mountain West,26.0,Utah State,Sun Belt,20.0,0,-5.5,Utah State,,63.5,
2017.0,Wisconsin,ACC,34.0,Miami,Big Ten,24.0,1,6.5,Wisconsin,,46.0,
2017.0,Penn State,Big Ten,35.0,Washington,Pac-12,28.0,1,-3.0,Penn State,,54.5,
2017.0,Iowa State,American Athletic,21.0,Memphis,Big 12,20.0,0,-3.5,Memphis,,67.5,
2017.0,Mississippi State,SEC,31.0,Louisville,ACC,27.0,0,6.5,Louisville,,60.0,
2017.0,South Carolina,SEC,26.0,Michigan,Big Ten,19.0,0,9.0,Michigan,,41.5,
,,,,,,,0.6,,,,,
2018.0,Georgia Southern,Mid-American,23.0,Eastern Michigan,Sun Belt,21.0,1,2.5,Georgia Southern,,45.5,
2018.0,Fresno State,Mountain West,31.0,Arizona State,Pac-12,20.0,1,-6.0,Fresno State,,54.5,
2018.0,Appalachian State,Sun Belt,45.0,Middle Tennessee,Conference USA,13.0,1,-6.5,Appalachian State,,49.5,
2018.0,Ohio,Mid-American,27.0,San Diego State,Mountain West,0.0,1,-2.0,Ohio,,48.0,
2018.0,Florida International,Mid-American,35.0,Toledo,Conference USA,32.0,0,-7.0,Toledo,,57.5,
2018.0,Wake Forest,ACC,37.0,Memphis,American Athletic,34.0,0,2.5,Memphis,,72.0,
2018.0,Army,FBS Independents,70.0,Houston,American Athletic,14.0,1,-6.5,Army,,57.0,
2018.0,Troy,Sun Belt,42.0,Buffalo,Mid-American,32.0,0,2.0,Buffalo,,51.0,
2018.0,Louisiana Tech,Conference USA,31.0,Hawai'i,Mountain West,14.0,1,-1.0,Louisiana Tech,,62.0,
2018.0,Minnesota,ACC,34.0,Georgia Tech,Big Ten,10.0,0,-5.5,Georgia Tech,,56.5,
2018.0,TCU,Big 12,10.0,California,Pac-12,7.0,1,-1.5,TCU,,38.5,
2018.0,Duke,ACC,56.0,Temple,American Athletic,27.0,0,3.5,Temple,,56.0,
2018.0,Wisconsin,Big Ten,35.0,Miami,ACC,3.0,0,2.5,Miami,,44.0,
2018.0,Baylor,SEC,45.0,Vanderbilt,Big 12,38.0,0,-4.5,Vanderbilt,,57.0,
2018.0,Washington State,Pac-12,28.0,Iowa State,Big 12,26.0,1,-2.0,Washington State,,56.5,
2018.0,Syracuse,ACC,34.0,West Virginia,Big 12,18.0,1,-3.0,Syracuse,,66.5,
2018.0,Auburn,SEC,63.0,Purdue,Big Ten,14.0,1,-3.5,Auburn,,57.0,
2018.0,Alabama,SEC,45.0,Oklahoma,Big 12,34.0,1,-13.5,Alabama,,77.0,
2018.0,Clemson,ACC,30.0,Notre Dame,FBS Independents,3.0,1,-12.0,Clemson,,56.0,
2018.0,Florida,Big Ten,41.0,Michigan,SEC,15.0,0,-4.5,Michigan,,51.5,
2018.0,Virginia,ACC,28.0,South Carolina,SEC,0.0,0,3.5,South Carolina,,54.0,
2018.0,Northwestern,Pac-12,31.0,Utah,Big Ten,20.0,0,-6.5,Utah,,44.0,
2018.0,Stanford,ACC,14.0,Pittsburgh,Pac-12,13.0,1,3.0,Stanford,,53.0,
2018.0,Oregon,Pac-12,7.0,Michigan State,Big Ten,6.0,0,1.5,Michigan State,,48.0,
2018.0,Texas,SEC,28.0,Georgia,Big 12,21.0,0,-13.5,Georgia,,60.0,
2018.0,LSU,American Athletic,40.0,UCF,SEC,32.0,1,7.5,LSU,,58.0,
2018.0,Iowa,Big Ten,27.0,Mississippi State,SEC,22.0,0,7.5,Mississippi State,,39.5,
2018.0,UAB,Mid-American,37.0,Northern Illinois,Conference USA,13.0,1,2.0,UAB,,41.5,
2018.0,Cincinnati,ACC,35.0,Virginia Tech,American Athletic,31.0,1,5.5,Cincinnati,,49.5,
2018.0,Kentucky,Big Ten,27.0,Penn State,SEC,24.0,0,-4.5,Penn State,,48.0,
2018.0,Tulane,Sun Belt,41.0,Louisiana,American Athletic,24.0,1,3.0,Tulane,,60.0,
2018.0,Texas A&M,SEC,52.0,NC State,ACC,13.0,1,-7.5,Texas A&M,,58.0,
2018.0,Nevada,Mountain West,16.0,Arkansas State,Sun Belt,13.0,1,-2.0,Nevada,,58.0,
2018.0,Clemson,SEC,44.0,Alabama,ACC,16.0,0,-5.5,Alabama,,57.5,
2018.0,Oklahoma State,Big 12,38.0,Missouri,SEC,33.0,0,9.0,Missouri,,73.0,
2018.0,BYU,FBS Independents,49.0,Western Michigan,Mid-American,18.0,1,-10.0,BYU,,52.0,
2018.0,Marshall,American Athletic,38.0,South Florida,Conference USA,20.0,1,3.0,Marshall,,50.0,
2018.0,Utah State,Conference USA,52.0,North Texas,Mountain West,13.0,1,7.0,Utah State,,67.5,
,,,,,,,0.5789473684210527,,,,,
2019.0,Kent State,Mid-American,51.0,Utah State,Mountain West,41.0,0,7.0,Utah State,,71.5,
2019.0,Washington,Pac-12,38.0,Boise State,Mountain West,7.0,1,-3.5,Washington,,47.5,
2019.0,Appalachian State,Conference USA,31.0,UAB,Sun Belt,17.0,1,17.0,Appalachian State,,48.0,
2019.0,San Diego State,Mountain West,48.0,Central Michigan,Mid-American,11.0,1,-3.5,San Diego State,,41.0,
2019.0,Liberty,Sun Belt,23.0,Georgia Southern,FBS Independents,16.0,0,-4.5,Georgia Southern,,60.0,
2019.0,Florida Atlantic,Conference USA,52.0,SMU,American Athletic,28.0,0,7.0,SMU,,63.5,
2019.0,Arkansas State,Sun Belt,34.0,Florida International,Conference USA,26.0,0,1.0,Florida International,,61.0,
2019.0,Michigan State,ACC,27.0,Wake Forest,Big Ten,21.0,1,3.5,Michigan State,,52.0,
2019.0,Penn State,Big Ten,53.0,Memphis,American Athletic,39.0,1,-6.5,Penn State,,60.5,
2019.0,Louisville,ACC,38.0,Mississippi State,SEC,28.0,0,4.5,Mississippi State,,64.5,
2019.0,Buffalo,Conference USA,31.0,Charlotte,Mid-American,9.0,1,7.0,Buffalo,,51.5,
2019.0,UCF,Conference USA,48.0,Marshall,American Athletic,25.0,1,15.5,UCF,,59.5,
2019.0,Hawai'i,FBS Independents,38.0,BYU,Mountain West,34.0,0,-2.5,BYU,,65.0,
2019.0,Louisiana Tech,ACC,14.0,Miami,Conference USA,0.0,0,-7.0,Miami,,50.0,
2019.0,Pittsburgh,Mid-American,34.0,Eastern Michigan,ACC,30.0,1,12.5,Pittsburgh,,51.5,
2019.0,Iowa,Big Ten,49.0,USC,Pac-12,24.0,0,1.0,USC,,54.5,
2019.0,Texas A&M,SEC,24.0,Oklahoma State,Big 12,21.0,1,-4.5,Texas A&M,,56.0,
2019.0,North Carolina,American Athletic,55.0,Temple,ACC,13.0,1,6.0,North Carolina,,57.0,
2019.0,California,Big Ten,35.0,Illinois,Pac-12,20.0,1,6.5,California,,48.0,
2019.0,Texas,Big 12,38.0,Utah,Pac-12,10.0,0,7.0,Utah,,56.5,
2019.0,Navy,Big 12,20.0,Kansas State,American Athletic,17.0,1,2.0,Navy,,53.5,
2019.0,Arizona State,Pac-12,20.0,Florida State,ACC,14.0,1,-3.0,Arizona State,,52.0,
2019.0,Wyoming,Sun Belt,38.0,Georgia State,Mountain West,17.0,1,7.5,Wyoming,,49.0,
2019.0,Oregon,Big Ten,28.0,Wisconsin,Pac-12,27.0,0,-3.0,Wisconsin,,52.5,
2019.0,Alabama,SEC,35.0,Michigan,Big Ten,16.0,1,-7.5,Alabama,,60.5,
2019.0,Louisiana,Mid-American,27.0,Miami (OH),Sun Belt,17.0,1,15.0,Louisiana,,55.5,
2019.0,Clemson,Big Ten,29.0,Ohio State,ACC,23.0,1,2.5,Clemson,,62.0,
2019.0,LSU,SEC,42.0,Clemson,ACC,25.0,1,-4.5,LSU,,67.0,
2019.0,LSU,SEC,63.0,Oklahoma,Big 12,28.0,1,-12.5,LSU,,74.0,
2019.0,Minnesota,SEC,31.0,Auburn,Big Ten,24.0,0,-7.0,Auburn,,53.5,
2019.0,Air Force,Pac-12,31.0,Washington State,Mountain West,21.0,1,2.5,Air Force,,71.5,
2019.0,Georgia,Big 12,26.0,Baylor,SEC,14.0,1,3.5,Georgia,,43.5,
2019.0,Tulane,American Athletic,30.0,Southern Mississippi,Conference USA,13.0,1,-7.0,Tulane,,58.0,
2019.0,Cincinnati,American Athletic,38.0,Boston College,ACC,6.0,1,-7.5,Cincinnati,,54.5,
2019.0,Tennessee,SEC,23.0,Indiana,Big Ten,22.0,1,-3.5,Tennessee,,56.0,
2019.0,Notre Dame,Big 12,33.0,Iowa State,FBS Independents,9.0,1,3.5,Notre Dame,,54.5,
2019.0,Florida,ACC,36.0,Virginia,SEC,28.0,1,16.5,Florida,,55.0,
2019.0,Ohio,Mountain West,30.0,Nevada,Mid-American,21.0,1,10.0,Ohio,,62.5,
2019.0,Western Kentucky,Mid-American,23.0,Western Michigan,Conference USA,20.0,1,3.0,Western Kentucky,,56.5,
2019.0,Kentucky,SEC,37.0,Virginia Tech,ACC,30.0,0,1.5,Virginia Tech,,46.0,
,,,,,,,0.7,,,,,
2020.0,Northwestern,Big Ten,35.0,Auburn,SEC,19.0,1,-4.0,Northwestern,,45.0,
2020.0,Oklahoma,Big 12,55.0,Florida,SEC,20.0,1,-7.5,Oklahoma,,65.0,
2020.0,Alabama,SEC,31.0,Notre Dame,FBS Independents,14.0,1,-18.5,Alabama,,65.5,
2020.0,Ohio State,ACC,49.0,Clemson,Big Ten,28.0,0,-7.0,Clemson,,68.5,
2020.0,Georgia,SEC,24.0,Cincinnati,American Athletic,21.0,0,9.0,Cincinnati,,53.0,
2020.0,Ole Miss,Big Ten,26.0,Indiana,SEC,20.0,0,-7.5,Indiana,,67.0,
2020.0,Alabama,SEC,52.0,Ohio State,Big Ten,24.0,1,-9.5,Alabama,,75.0,
2020.0,Nevada,Mountain West,38.0,Tulane,American Athletic,27.0,0,1.0,Tulane,,56.5,
2020.0,Hawai'i,American Athletic,28.0,Houston,Mountain West,14.0,0,-7.0,Houston,,60.5,
2020.0,Buffalo,Mid-American,17.0,Marshall,Conference USA,10.0,1,-5.5,Buffalo,,54.0,
2020.0,Liberty,Sun Belt,37.0,Coastal Carolina,FBS Independents,34.0,0,-6.5,Coastal Carolina,,60.0,
2020.0,Louisiana,Conference USA,31.0,UT San Antonio,Sun Belt,24.0,1,14.0,Louisiana,,55.0,
2020.0,Georgia State,Sun Belt,39.0,Western Kentucky,Conference USA,21.0,1,-3.0,Georgia State,,50.5,
2020.0,Texas,Pac-12,55.0,Colorado,Big 12,23.0,1,8.0,Texas,,67.5,
2020.0,Oklahoma State,ACC,37.0,Miami,Big 12,34.0,1,1.0,Oklahoma State,,63.0,
2020.0,Appalachian State,Conference USA,56.0,North Texas,Sun Belt,28.0,1,21.5,Appalachian State,,68.0,
2020.0,Iowa State,Big 12,34.0,Oregon,Pac-12,17.0,1,-4.5,Iowa State,,57.5,
2020.0,Texas A&M,ACC,41.0,North Carolina,SEC,27.0,1,10.0,Texas A&M,,65.5,
2020.0,BYU,FBS Independents,49.0,UCF,American Athletic,23.0,1,-6.0,BYU,,79.5,
2020.0,Georgia Southern,Sun Belt,38.0,Louisiana Tech,Conference USA,3.0,1,-7.0,Georgia Southern,,48.0,
2020.0,Memphis,Conference USA,25.0,Florida Atlantic,American Athletic,10.0,1,9.0,Memphis,,52.5,
2020.0,Ball State,Mountain West,34.0,San José State,Mid-American,13.0,0,-9.0,San José State,,65.5,
2020.0,Wisconsin,Big Ten,42.0,Wake Forest,ACC,28.0,1,-10.0,Wisconsin,,51.5,
2020.0,Mississippi State,SEC,28.0,Tulsa,American Athletic,26.0,1,-1.0,Mississippi State,,44.5,
2020.0,West Virginia,FBS Independents,24.0,Army,Big 12,21.0,1,10.0,West Virginia,,40.5,
2020.0,Kentucky,SEC,23.0,NC State,ACC,21.0,1,-3.0,Kentucky,,50.5,
,,,,,,,0.7307692307692307,,,,,
2021.0,Utah State,Pac-12,24.0,Oregon State,Mountain West,13.0,0,-6.5,Oregon State,,68.5,
2021.0,Tulsa,American Athletic,30.0,Old Dominion,Conference USA,17.0,1,-7.5,Tulsa,,55.0,
2021.0,San Diego State,Mountain West,38.0,UT San Antonio,Conference USA,24.0,1,-3.0,San Diego State,,48.0,
2021.0,Wyoming,Mountain West,52.0,Kent State,Mid-American,38.0,1,-3.0,Wyoming,,60.5,
2021.0,Army,FBS Independents,24.0,Missouri,SEC,22.0,1,-7.0,Army,,54.0,
2021.0,Miami (OH),Mid-American,27.0,North Texas,Conference USA,14.0,0,-2.0,Miami (O,,56.5,
2021.0,UCF,SEC,29.0,Florida,American Athletic,17.0,0,-7.0,Florida,,56.0,
2021.0,Western Michigan,Mountain West,52.0,Nevada,Mid-American,24.0,1,6.5,Western Michigan,,57.0,
2021.0,Houston,SEC,17.0,Auburn,American Athletic,13.0,1,1.5,Houston,,49.0,
2021.0,Air Force,ACC,31.0,Louisville,Mountain West,28.0,1,1.0,Air Force,,55.0,
2021.0,Texas Tech,Big 12,34.0,Mississippi State,SEC,7.0,0,10.0,Mississippi State,,58.0,
2021.0,Minnesota,Big Ten,18.0,West Virginia,Big 12,6.0,1,-6.0,Minnesota,,45.0,
2021.0,Oklahoma,Big 12,47.0,Oregon,Pac-12,32.0,1,-7.0,Oklahoma,,64.0,
2021.0,Clemson,Big 12,20.0,Iowa State,ACC,13.0,1,1.5,Clemson,,45.0,
2021.0,Maryland,ACC,54.0,Virginia Tech,Big Ten,10.0,1,4.5,Maryland,,55.5,
2021.0,Michigan State,Big Ten,31.0,Pittsburgh,ACC,21.0,1,-3.5,Michigan State,,55.0,
2021.0,South Carolina,SEC,38.0,North Carolina,ACC,21.0,0,12.5,North Carolina,,57.5,
2021.0,Purdue,Big Ten,48.0,Tennessee,SEC,45.0,0,7.5,Tennessee,,66.5,
2021.0,Wisconsin,Pac-12,20.0,Arizona State,Big Ten,13.0,1,8.0,Wisconsin,,42.5,
2021.0,Alabama,SEC,27.0,Cincinnati,American Athletic,6.0,1,-13.0,Alabama,,57.5,
2021.0,Georgia,Big Ten,34.0,Michigan,SEC,11.0,1,7.5,Georgia,,46.0,
2021.0,Wake Forest,Big Ten,38.0,Rutgers,ACC,10.0,1,16.5,Wake Forest,,62.5,
2021.0,Central Michigan,Mid-American,24.0,Washington State,Pac-12,21.0,0,5.5,Washington State,,56.0,
2021.0,Oklahoma State,FBS Independents,37.0,Notre Dame,Big 12,35.0,1,1.0,Oklahoma State,,45.0,
2021.0,Ohio State,Big Ten,48.0,Utah,Pac-12,45.0,1,-4.0,Ohio State,,64.5,
2021.0,Baylor,SEC,21.0,Ole Miss,Big 12,7.0,0,-1.0,Ole Miss,,60.0,
2021.0,Kentucky,SEC,20.0,Iowa,Big Ten,17.0,1,-3.0,Kentucky,,44.0,
2021.0,Arkansas,SEC,24.0,Penn State,Big Ten,10.0,1,-3.5,Arkansas,,51.0,
2021.0,Georgia State,Mid-American,51.0,Ball State,Sun Belt,20.0,1,6.0,Georgia State,,53.0,
2021.0,Middle Tennessee,Mid-American,31.0,Toledo,Conference USA,24.0,0,-10.5,Toledo,,50.0,
2021.0,Coastal Carolina,Sun Belt,47.0,Northern Illinois,Mid-American,41.0,1,-12.0,Coastal Carolina,,63.5,
2021.0,UAB,FBS Independents,31.0,BYU,Conference USA,28.0,0,-6.0,BYU,,54.0,
2021.0,Louisiana,Conference USA,36.0,Marshall,Sun Belt,21.0,1,3.5,Louisiana,,56.0,
2021.0,Western Kentucky,Sun Belt,59.0,Appalachian State,Conference USA,38.0,1,1.0,Western Kentucky,,68.0,
2021.0,Fresno State,Mountain West,31.0,UTEP,Conference USA,24.0,1,-13.0,Fresno State,,54.5,
2021.0,Liberty,FBS Independents,56.0,Eastern Michigan,Mid-American,20.0,1,-9.5,Liberty,,58.5,
2021.0,Kansas State,Big 12,42.0,LSU,SEC,20.0,1,-10.0,Kansas State,,47.0,
2021.0,Georgia,SEC,33.0,Alabama,SEC,18.0,1,2.5,Georgia,,53.0,
,,,,,,,0.7368421052631579,,,,,
2022.0,Georgia,SEC,65.0,TCU,Big 12,7.0,1,-13.5,Georgia,,61.5,
2022.0,Mississippi State,Big Ten,19.0,Illinois,SEC,10.0,1,4.0,Mississippi State,,46.5,
2022.0,LSU,Big Ten,63.0,Purdue,SEC,7.0,1,15.0,LSU,,53.5,
2022.0,Tulane,Pac-12,46.0,USC,American Athletic,45.0,0,-1.5,USC,,66.0,
2022.0,Penn State,Pac-12,35.0,Utah,Big Ten,21.0,1,1.0,Penn State,,55.0,
2022.0,Alabama,Big 12,45.0,Kansas State,SEC,20.0,1,7.5,Alabama,,58.0,
2022.0,TCU,Big Ten,51.0,Michigan,Big 12,45.0,0,-7.5,Michigan,,56.0,
2022.0,Georgia,SEC,42.0,Ohio State,Big Ten,41.0,1,-5.0,Georgia,,61.5,
2022.0,Ohio,Mountain West,30.0,Wyoming,Mid-American,27.0,1,3.0,Ohio,,43.0,
2022.0,Maryland,ACC,16.0,NC State,Big Ten,12.0,0,-2.0,NC State,,45.0,
2022.0,Notre Dame,SEC,45.0,South Carolina,FBS Independents,38.0,1,5.5,Notre Dame,,50.5,
2022.0,Pittsburgh,Pac-12,37.0,UCLA,ACC,35.0,0,-8.5,UCLA,,54.5,
2022.0,Tennessee,ACC,31.0,Clemson,SEC,14.0,0,-4.0,Clemson,,61.0,
2022.0,Minnesota,Big Ten,28.0,Syracuse,ACC,20.0,1,-11.0,Minnesota,,45.5,
2022.0,Florida State,ACC,35.0,Oklahoma,Big 12,32.0,1,-10.0,Florida State,,67.0,
2022.0,Washington,Pac-12,27.0,Texas,Big 12,20.0,0,3.0,Texas,,67.0,
2022.0,Texas Tech,SEC,42.0,Ole Miss,Big 12,25.0,0,-4.5,Ole Miss,,72.5,
2022.0,Arkansas,SEC,55.0,Kansas,Big 12,53.0,1,-1.5,Arkansas,,70.5,
2022.0,Duke,ACC,30.0,UCF,American Athletic,13.0,1,-3.0,Duke,,63.0,
2022.0,Oregon,ACC,28.0,North Carolina,Pac-12,27.0,1,13.0,Oregon,,76.0,
2022.0,Wisconsin,Big 12,24.0,Oklahoma State,Big Ten,17.0,1,5.0,Wisconsin,,45.0,
2022.0,Buffalo,Mid-American,23.0,Georgia Southern,Sun Belt,21.0,0,6.0,Georgia Southern,,66.5,
2022.0,New Mexico State,Mid-American,24.0,Bowling Green,FBS Independents,19.0,0,-3.0,Bowling Green,,50.5,
2022.0,Middle Tennessee,Mountain West,25.0,San Diego State,Conference USA,23.0,0,-7.0,San Diego State,,47.0,
2022.0,Wake Forest,SEC,27.0,Missouri,ACC,17.0,1,3.0,Wake Forest,,59.0,
2022.0,Western Kentucky,Sun Belt,44.0,South Alabama,Conference USA,23.0,0,-4.0,South Alabama,,58.0,
2022.0,Toledo,Mid-American,21.0,Liberty,FBS Independents,19.0,1,-3.5,Toledo,,51.0,
2022.0,Eastern Michigan,Mountain West,41.0,San José State,Mid-American,27.0,0,-3.5,San José State,,54.0,
2022.0,Marshall,FBS Independents,28.0,Connecticut,Sun Belt,14.0,1,12.0,Marshall,,42.0,
2022.0,Boise State,Mountain West,35.0,North Texas,Conference USA,32.0,1,-12.0,Boise State,,64.0,
2022.0,BYU,FBS Independents,24.0,SMU,American Athletic,23.0,0,4.5,SMU,,65.0,
2022.0,Southern Mississippi,Sun Belt,38.0,Rice,Conference USA,24.0,1,-6.5,Southern Mississippi,,45.5,
2022.0,Fresno State,Mountain West,29.0,Washington State,Pac-12,6.0,1,-5.5,Fresno State,,54.0,
2022.0,Oregon State,Pac-12,30.0,Florida,SEC,3.0,1,-7.5,Oregon State,,51.5,
2022.0,UAB,Conference USA,24.0,Miami (OH),Mid-American,20.0,1,-10.5,UAB,,46.0,
2022.0,South Dakota State,MVFC,45.0,North Dakota State,MVFC,21.0,1,-5.5,South Dakota State,,47.0,
2022.0,North Carolina Central,MEAC,41.0,Jackson State,SWAC,34.0,0,14.0,Jackson State,,55.0,
2022.0,South Dakota State,MVFC,39.0,Montana State,Big Sky,18.0,1,-4.0,South Dakota State,,57.0,
2022.0,North Dakota State,MVFC,35.0,Incarnate Word,Southland,32.0,1,-7.5,North Dakota State,,70.0,
2022.0,Iowa,SEC,21.0,Kentucky,Big Ten,0.0,1,3.0,Iowa,,31.5,
2022.0,East Carolina,American Athletic,53.0,Coastal Carolina,Sun Belt,29.0,1,-7.0,East Carolina,,67.0,
2022.0,Memphis,Mountain West,38.0,Utah State,American Athletic,10.0,1,8.0,Memphis,,57.0,
2022.0,Houston,American Athletic,23.0,Louisiana,Sun Belt,16.0,1,-5.0,Houston,,56.5,
2022.0,Air Force,Mountain West,30.0,Baylor,Big 12,15.0,0,3.0,Baylor,,42.0,
2022.0,Louisville,ACC,24.0,Cincinnati,American Athletic,7.0,1,-2.5,Louisville,,38.5,
2022.0,Troy,Sun Belt,18.0,UT San Antonio,Conference USA,12.0,0,3.0,UT San Antonio,,56.5,
,,,,,,,0.6521739130434783,,,,,
