white_username,black_username,opening,score_white,score_black,result_white,result_black,time_class,time_control,rating_white,rating_black,accuracy_white,accuracy_black,start_time,end_time,game_length,total_moves,avg_move_time,UTC_date,white_<1,white_2,white_5,white_15,white_>15,black_<1,black_2,black_5,black_15,black_>15
gshwbedhkhd,Hikaru,Modern-Defense-Standard-Line,0,1,resigned,win,blitz,180+1,2538,3219,78.79,89.75,15:59:58,16:05:44,346.0,29,11.93,2023.01.03,3,9,5,6,5,3,13,6,3,3
Hikaru,Aygehovit1992,Kings-Fianchetto-Opening,1,0,win,resigned,blitz,180+1,3220,2714,97.08,85.15,16:10:12,16:13:41,209.0,28,7.46,2023.01.03,4,13,6,4,0,4,11,6,2,3
Mikhail_Bryakin,Hikaru,Dutch-Defense-Classical-Variation,1,0,win,resigned,blitz,180+1,2839,3206,93.53,83.34,16:21:02,16:28:51,469.0,58,8.09,2023.01.03,6,30,8,11,2,11,22,10,10,3
Hikaru,nurgyulsalimova,Kings-Fianchetto-Opening,1,0,win,timeout,blitz,180+1,3207,2694,87.32,81.66,16:34:24,16:41:20,416.0,47,8.85,2023.01.03,8,16,12,9,1,5,22,10,4,4
GM_Crest,Hikaru,Dutch-Defense-Fianchetto-Attack,0,1,timeout,win,blitz,180+1,2785,3208,79.71,84.2,16:51:49,16:58:47,418.0,34,12.29,2023.01.03,2,12,7,11,1,4,9,7,11,2
Hikaru,AbasovN,Kings-Fianchetto-Opening,1,0,win,timeout,blitz,180+1,3211,2926,95.64,77.75,17:03:07,17:08:27,320.0,26,12.31,2023.01.03,1,10,7,6,1,6,8,2,4,4
DanielDardha2005,Hikaru,Dutch-Defense,0,1,resigned,win,blitz,180+1,2936,3214,83.05,83.24,17:13:24,17:21:35,491.0,55,8.93,2023.01.03,5,26,8,12,3,7,29,6,9,3
Hikaru,shimastream,Scandinavian-Defense-Mieses-Kotrc-Variation,1,0,win,resigned,blitz,180+1,3217,2945,89.5,82.5,17:24:05,17:30:59,414.0,42,9.86,2023.01.03,10,14,6,8,3,7,17,6,5,5
Hikaru,Polish_fighter3000,Ruy-Lopez-Opening-Berlin-Defense,0.5,0.5,repetition,repetition,blitz,180+1,3215,3113,93.62,92.9,17:39:44,17:44:15,271.0,29,9.34,2023.01.03,3,13,4,5,3,5,14,2,3,3
DanielNaroditsky,Hikaru,Caro-Kann-Defense-Advance-Short-Variation-with,0,1,resigned,win,blitz,180+1,3080,3220,75.04,79.5,17:50:31,17:58:45,494.0,57,8.67,2023.01.03,8,25,8,12,3,10,20,14,11,1
Hikaru,MagnusCarlsen,Anderssen-Opening,1,0,win,timeout,blitz,180+1,3227,3163,81.93,85.3,18:00:32,18:08:29,477.0,48,9.94,2023.01.03,5,17,8,16,1,3,21,11,10,1
NikoTheodorou,Hikaru,Dutch-Defense,1,0,win,resigned,blitz,180,3052,3215,96.53,86.81,18:52:38,18:55:36,178.0,25,7.12,2023.01.03,4,10,5,5,0,2,11,5,5,0
Hikaru,NikoTheodorou,Queens-Gambit-Declined,0.5,0.5,agreed,agreed,blitz,180,3212,3055,82.74,82.51,18:55:21,19:01:12,351.0,51,6.88,2023.01.03,13,23,7,5,2,5,30,10,3,1
NikoTheodorou,Hikaru,Indian-Game-Slav-Indian-Defense,0,1,resigned,win,blitz,180,3050,3217,76.39,82.36,19:00:55,19:07:06,371.0,60,6.18,2023.01.03,13,25,15,4,2,11,26,15,6,1
Hikaru,NikoTheodorou,English-Opening-Anglo-Indian-Kings-Knight-Variation,0.5,0.5,repetition,repetition,blitz,180,3213,3054,88.92,88.26,19:06:53,19:12:11,318.0,45,7.07,2023.01.03,8,18,9,8,1,9,18,10,6,1
NikoTheodorou,Hikaru,Caro-Kann-Defense,0.5,0.5,repetition,repetition,blitz,180,3057,3210,85.17,84.23,19:11:58,19:17:03,305.0,50,6.1,2023.01.03,6,25,12,5,1,4,26,12,7,0
Hikaru,NikoTheodorou,Reti-Opening,1,0,win,resigned,blitz,180,3215,3052,82.43,79.09,19:16:54,19:22:52,358.0,47,7.62,2023.01.03,7,23,6,8,2,10,21,6,6,2
Bilan_Danila,Hikaru,Dutch-Defense,0,1,resigned,win,blitz,180+1,2527,3215,81.87,87.04,21:59:52,22:06:14,382.0,50,7.64,2023.01.03,5,22,7,12,3,5,23,16,4,1
Hikaru,UnknownMagician,Reti-Opening-Kings-Indian-Attack-Symmetrical-Defense-Wahls-Defense,1,0,win,resigned,blitz,180+1,3216,2669,92.63,87.3,22:11:01,22:16:48,347.0,35,9.91,2023.01.03,3,13,11,7,0,2,12,8,9,2
Kobalia,Hikaru,Caro-Kann-Defense-Exchange-Variation,0,1,timeout,win,blitz,180+1,2800,3217,81.59,83.26,22:20:29,22:31:44,675.0,138,4.89,2023.01.03,12,96,18,9,2,26,76,24,11,0
Hikaru,Rud_Makarian,Reti-Opening-Kings-Indian-Attack-Spassky-Variation,1,0,win,resigned,blitz,180+1,3219,2907,86.4,65.8,22:32:19,22:38:09,350.0,22,15.91,2023.01.03,0,10,6,3,2,1,10,2,3,4
Msb2,Hikaru,Dutch-Defense,0,1,resigned,win,blitz,180+1,2992,3222,87.47,92.95,22:48:32,22:56:16,464.0,51,9.1,2023.01.03,9,19,14,4,4,3,21,13,12,1
Hikaru,GM_dmitrij,Kings-Indian-Attack-Double-Fianchetto-Variation,0,1,resigned,win,blitz,180+1,3210,3023,83.01,87.0,22:59:59,23:08:13,494.0,61,8.1,2023.01.03,8,31,8,11,2,5,27,17,10,1
Hikaru,Cayse,Kings-Indian-Attack-Yugoslav-Variation,0.5,0.5,repetition,repetition,blitz,180+1,3204,2850,93.31,93.89,23:09:59,23:17:52,473.0,50,9.46,2023.01.03,9,18,11,6,5,0,25,13,9,2
Maikrosoft63,Hikaru,Caro-Kann-Defense-Exchange-Variation,1,0,win,timeout,blitz,180+1,2857,3190,81.44,76.06,23:20:19,23:29:22,543.0,76,7.14,2023.01.03,8,39,12,15,1,5,42,13,13,1
Hikaru,MarcoRiehle,Kings-Indian-Attack-French-Variation,0.5,0.5,repetition,repetition,blitz,180+1,3183,2773,56.69,52.32,23:35:57,23:43:50,473.0,49,9.65,2023.01.03,8,18,11,8,3,4,21,9,10,3
blank0923,Hikaru,Modern-Defense-Pterodactyl-Beefeater-Variation,0,1,timeout,win,blitz,180+1,2719,3184,81.53,93.22,23:45:23,23:51:16,353.0,30,11.77,2023.01.03,6,9,4,4,6,2,12,11,3,1
vi_pranav,Hikaru,Sicilian-Defense-Westerinen-Attack,0,1,resigned,win,blitz,180,2984,3190,84.81,90.96,15:43:35,15:48:38,303.0,40,7.58,2023.01.04,6,15,11,6,1,3,16,9,11,0
Hikaru,vi_pranav,Kings-Gambit,1,0,win,resigned,blitz,180,3194,2980,89.73,82.33,15:48:37,15:54:11,334.0,46,7.26,2023.01.04,5,19,8,13,0,6,16,18,3,1
vi_pranav,Hikaru,Vant-Kruijs-Opening,1,0,win,resigned,blitz,180,2992,3182,85.79,81.1,15:54:09,16:00:15,366.0,67,5.46,2023.01.04,18,29,9,8,2,15,38,4,7,1
Hikaru,vi_pranav,Vienna-Game-Falkbeer-Vienna-Gambit,0,1,resigned,win,blitz,180,3170,3004,82.44,84.21,16:00:14,16:06:11,357.0,52,6.87,2023.01.04,4,23,18,6,0,7,25,12,6,1
vi_pranav,Hikaru,Sicilian-Defense-OKelly-Venice-Barcza-Line,0,1,resigned,win,blitz,180,3000,3174,73.76,82.38,16:06:11,16:12:01,350.0,54,6.48,2023.01.04,4,30,13,5,1,5,35,8,2,3
Hikaru,vi_pranav,Kings-Gambit-Declined-Classical-Variation,0.5,0.5,repetition,repetition,blitz,180,3170,3004,88.34,89.76,16:12:03,16:16:46,283.0,33,8.58,2023.01.04,4,15,8,3,2,6,14,4,6,2
vi_pranav,Hikaru,Caro-Kann-Defense-Advance-Variation,1,0,win,resigned,blitz,180,3016,3158,84.51,78.61,16:16:47,16:21:57,310.0,47,6.6,2023.01.04,8,20,10,7,1,9,19,11,5,1
Hikaru,vi_pranav,Vant-Kruijs-Opening,1,0,win,resigned,blitz,180,3163,3011,89.29,84.12,16:21:55,16:27:59,364.0,51,7.14,2023.01.04,10,17,13,8,2,10,17,11,10,1
vi_pranav,Hikaru,Caro-Kann-Defense,0,1,resigned,win,blitz,180,3006,3168,71.94,76.96,16:28:01,16:33:07,306.0,38,8.05,2023.01.04,4,17,9,4,3,2,19,8,8,0
Hikaru,vi_pranav,Sicilian-Defense-Chekhover-Variation,1,0,win,resigned,blitz,180,3173,3001,81.34,73.97,16:33:05,16:39:20,375.0,65,5.77,2023.01.04,13,26,19,6,0,16,23,12,11,1
vi_pranav,Hikaru,Dutch-Defense,0,1,resigned,win,blitz,180,2997,3177,76.2,86.01,16:39:23,16:45:25,362.0,60,6.03,2023.01.04,5,29,14,11,0,7,27,18,7,0
Hikaru,vi_pranav,Ruy-Lopez-Opening-Morphy-Defense-Modern-Steinitz-Fianchetto-Variation,1,0,win,resigned,blitz,180,3181,2993,89.75,79.22,16:45:27,16:50:17,290.0,37,7.84,2023.01.04,2,20,9,5,0,4,18,2,9,2
vi_pranav,Hikaru,Caro-Kann-Defense,1,0,win,timeout,blitz,180,3005,3169,88.69,89.13,16:50:18,16:56:55,397.0,83,4.78,2023.01.04,22,40,13,5,2,24,33,14,10,0
Hikaru,vi_pranav,Kings-Gambit-Accepted-Modern-Defense,0,1,resigned,win,blitz,180,3158,3017,78.55,83.9,16:56:53,17:02:03,310.0,52,5.96,2023.01.04,8,27,8,6,2,8,27,10,4,1
gaho2005,Hikaru,Caro-Kann-Defense-Advance-Short-Variation-with,0,1,resigned,win,blitz,180,2704,3159,84.21,91.62,17:02:07,17:06:19,252.0,31,8.13,2023.01.04,3,11,6,8,2,2,17,8,3,0
Hikaru,chessajedrezz2020,Caro-Kann-Defense-Two-Knights-Attack,1,0,win,checkmated,blitz,180,3160,2678,83.98,77.43,17:06:06,17:11:14,308.0,72,4.28,2023.01.04,25,36,4,4,2,30,25,10,3,2
LackingUtility,Hikaru,English-Defense,0,1,timeout,win,blitz,180,2746,3161,80.0,81.75,17:11:14,17:17:45,391.0,72,5.43,2023.01.04,5,46,14,6,0,16,35,15,2,3
chessajedrezz2020,Hikaru,Reti-Opening-Queenside-Fianchetto-Variation,0,1,timeout,win,blitz,180,2682,3162,76.25,81.26,17:17:31,17:23:22,351.0,64,5.48,2023.01.04,20,28,10,3,2,15,36,5,6,1
jcibarra,Hikaru,Closed-Sicilian-Defense,0,1,timeout,win,blitz,180,2872,3165,74.79,78.02,17:23:17,17:29:15,358.0,47,7.62,2023.01.04,5,23,10,5,3,7,18,14,5,2
Hikaru,LackingUtility,French-Defense-Chigorin-Variation,1,0,win,timeout,blitz,180,3166,2745,82.0,86.28,17:29:13,17:35:40,387.0,70,5.53,2023.01.04,11,34,15,9,0,3,45,12,8,0
TigrVShlyape,Hikaru,Owens-Defense,0,1,timeout,win,blitz,180,2901,3169,73.58,74.73,17:35:32,17:40:48,316.0,48,6.58,2023.01.04,1,28,10,6,2,6,26,10,5,0
Hikaru,BlueWizzard,Kings-Fianchetto-Opening,1,0,win,resigned,blitz,180,3171,2796,94.09,81.49,17:40:50,17:43:23,153.0,24,6.38,2023.01.04,3,11,4,5,0,1,11,6,4,0
Hikaru,SuperBBXL,Kings-Fianchetto-Opening-Indian-Defense,1,0,win,resigned,blitz,180,3172,2585,88.3,74.92,17:43:34,17:47:11,217.0,28,7.75,2023.01.04,7,11,7,2,0,4,5,8,8,1
Leonid_Starozhilov,Hikaru,Owens-Defense,0,1,resigned,win,blitz,180,2759,3173,89.32,90.9,17:48:05,17:52:11,246.0,31,7.94,2023.01.04,4,11,7,6,2,3,15,9,3,0
Hikaru,Triumphmate,Kings-Fianchetto-Opening-Catalan-Formation,1,0,win,resigned,blitz,180,3173,2536,88.45,80.58,17:52:23,17:56:08,225.0,32,7.03,2023.01.04,4,17,8,2,0,5,7,6,12,0
Hikaru,gmcorrales,Queens-Pawn-Opening-Tartakower-Variation,1,0,win,resigned,blitz,180,3175,2805,94.63,86.49,17:56:13,17:58:45,152.0,32,4.75,2023.01.04,5,18,6,2,0,8,16,3,3,0
Hikaru,hansen,English-Opening-Anglo-Indian-Kings-Knight-Variation,1,0,win,resigned,blitz,180,3178,2908,92.85,81.02,17:58:40,18:03:39,299.0,38,7.87,2023.01.04,5,17,11,4,0,4,14,10,5,3
LackingUtility,Hikaru,Owens-Defense,0.5,0.5,repetition,repetition,blitz,180,2740,3171,83.35,83.85,18:03:34,18:09:59,385.0,97,3.97,2023.01.04,14,65,12,5,0,21,57,12,4,1
jefferyx,Hikaru,Caro-Kann-Defense,0,1,resigned,win,blitz,180,2994,3175,83.62,83.83,18:09:46,18:15:35,349.0,39,8.95,2023.01.04,6,13,10,7,2,3,20,7,5,3
ChessQueen,Hikaru,Owens-Defense,0,1,resigned,win,blitz,180,2702,3176,84.83,90.62,18:15:33,18:20:53,320.0,42,7.62,2023.01.04,3,19,11,8,0,6,18,8,7,2
Hikaru,jefferyx,Bishops-Opening-Berlin-Vienna-Hybrid-Variation,1,0,win,resigned,blitz,180,3180,2983,94.77,86.79,18:20:51,18:23:52,181.0,19,9.53,2023.01.04,1,10,3,4,0,2,8,5,0,2
Hikaru,TigrVShlyape,Reti-Opening-Nimzo-Larsen-Variation,1,0,win,timeout,blitz,180,3183,2903,85.21,84.9,18:23:40,18:29:43,363.0,67,5.42,2023.01.04,19,28,13,6,0,5,40,11,8,1
XDPS,Hikaru,Caro-Kann-Defense-Two-Knights-Attack,0,1,resigned,win,blitz,180,2852,3185,77.5,92.7,18:29:37,18:32:08,151.0,30,5.03,2023.01.04,4,22,0,2,1,2,21,4,2,0
Oleksandr_Bortnyk,Hikaru,Modern-Defense-Gurgenidze-Variation,0,1,resigned,win,blitz,180,3008,3189,70.26,87.25,18:32:01,18:35:20,199.0,23,8.65,2023.01.04,2,11,2,6,1,3,9,6,3,1
Hikaru,Chessblitz35,Kings-Indian-Attack-Yugoslav-Variation,1,0,win,resigned,blitz,180,3189,2538,84.43,78.63,18:35:13,18:40:25,312.0,51,6.12,2023.01.04,7,30,11,1,1,8,21,9,10,1
hansen,Hikaru,Queens-Pawn-Opening-Zukertort-Variation,0,1,timeout,win,blitz,180,2894,3192,81.98,85.79,18:40:15,18:46:05,350.0,37,9.46,2023.01.04,6,16,1,11,2,4,14,10,6,2
Hikaru,Margency,Kings-Indian-Attack,1,0,win,resigned,blitz,180,3193,2651,87.73,83.6,18:46:10,18:48:13,123.0,27,4.56,2023.01.04,6,16,3,1,0,5,14,4,1,1
Hikaru,Tomson33,Sicilian-Defense-Hyperaccelerated-Dragon-Fianchetto-Variation,1,0,win,checkmated,blitz,180,3193,2384,92.49,70.03,18:48:20,18:51:26,186.0,25,7.44,2023.01.04,6,16,2,0,0,1,7,6,7,2
Jospem,Hikaru,Ruy-Lopez-Opening-Berlin-Defense,0.5,0.5,repetition,repetition,blitz,180,3063,3190,92.44,95.29,18:51:26,18:52:28,62.0,18,3.44,2023.01.04,2,11,3,1,0,3,11,2,0,0
Hikaru,Oleksandr_Bortnyk,Birds-Opening-Froms-Gambit,0,1,resigned,win,blitz,180,3178,3003,81.47,90.35,18:52:24,18:57:19,295.0,38,7.76,2023.01.04,2,18,11,5,1,6,12,13,5,0
rednova1729,Hikaru,Owens-Defense,0,1,resigned,win,bullet,60,2978,3270,79.43,83.59,20:05:18,20:05:55,37.0,16,2.31,2023.01.04,7,8,0,0,0,6,9,0,0,0
Hikaru,rednova1729,Reti-Opening-Nimzo-Larsen-Variation,1,0,win,resigned,bullet,60,3273,2975,90.74,84.17,20:05:45,20:06:48,63.0,32,1.97,2023.01.04,8,22,1,0,0,15,14,1,0,0
rednova1729,Hikaru,Owens-Defense,0,1,resigned,win,bullet,60,2972,3275,77.97,87.76,20:06:42,20:07:28,46.0,23,2.0,2023.01.04,8,13,1,0,0,7,15,0,0,0
Hikaru,rednova1729,Reti-Opening-Nimzo-Larsen-Variation,1,0,win,resigned,bullet,60,3277,2970,73.93,69.66,20:07:06,20:09:24,138.0,60,2.3,2023.01.04,20,36,2,1,0,21,33,4,0,0
rednova1729,Hikaru,English-Defense,0,1,resigned,win,bullet,60,2968,3279,79.4,86.04,20:09:17,20:10:16,59.0,29,2.03,2023.01.04,13,14,1,0,0,8,19,0,0,0
Hikaru,rednova1729,Reti-Opening-Quiet-System,1,0,win,resigned,bullet,60,3281,2966,97.07,83.0,20:10:14,20:10:42,28.0,15,1.87,2023.01.04,6,8,0,0,0,5,8,0,0,0
rednova1729,Hikaru,Modern-Defense-Standard-Line,1,0,win,resigned,bullet,60,2980,3267,85.53,73.49,20:10:35,20:11:51,76.0,26,2.92,2023.01.04,8,16,1,0,0,11,11,1,2,0
Hikaru,rednova1729,Vienna-Game-Max-Lange-Vienna-Gambit-Knight-Variation,1,0,win,resigned,bullet,60,3270,2977,79.26,70.92,20:11:43,20:13:25,102.0,28,3.64,2023.01.04,5,19,3,0,0,3,18,3,2,0
rednova1729,Hikaru,Modern-Defense-Standard-Line,0.5,0.5,repetition,repetition,bullet,60,2982,3265,82.45,79.87,20:13:12,20:15:04,112.0,39,2.87,2023.01.04,15,17,3,3,0,13,20,4,0,0
Hikaru,rednova1729,Vienna-Game-Max-Lange-Vienna-Gambit,1,0,win,checkmated,bullet,60,3268,2979,80.48,76.93,20:14:44,20:16:50,126.0,57,2.21,2023.01.04,20,35,1,0,0,16,37,2,0,0
rednova1729,Hikaru,Kings-Pawn-Opening-St-George-Defense,1,0,win,resigned,bullet,60,2992,3255,89.49,72.9,20:16:41,20:18:10,89.0,33,2.7,2023.01.04,10,21,1,0,0,7,19,5,0,0
Hikaru,rednova1729,Kings-Fianchetto-Opening-Indian-Defense,0,1,timeout,win,bullet,60,3242,3005,76.74,77.28,20:17:42,20:20:16,154.0,74,2.08,2023.01.04,28,43,1,1,0,43,28,0,1,1
rednova1729,Hikaru,Sicilian-Defense-Chekhover-Variation,0,1,resigned,win,bullet,60,3002,3245,83.65,90.81,20:19:57,20:22:08,131.0,60,2.18,2023.01.04,23,33,3,0,0,21,37,0,0,0
Hikaru,BogdanDeac,Reti-Opening,1,0,win,timeout,blitz,180,3183,3055,90.86,87.48,20:22:59,20:29:20,381.0,72,5.29,2023.01.04,14,35,15,6,1,11,43,9,5,2
BogdanDeac,Hikaru,Dutch-Defense-Fianchetto-Attack,1,0,win,resigned,blitz,180,3066,3172,92.22,81.87,20:29:12,20:34:21,309.0,46,6.72,2023.01.04,2,24,10,8,1,7,24,8,4,1
Hikaru,BogdanDeac,Birds-Opening-Dutch-Variation,0.5,0.5,repetition,repetition,blitz,180,3170,3068,94.66,94.34,20:34:21,20:38:37,256.0,32,8.0,2023.01.04,9,8,8,5,1,1,16,6,7,1
BogdanDeac,Hikaru,Modern-Defense-with,0,1,timeout,win,blitz,180,3062,3176,81.66,75.27,20:38:30,20:44:24,354.0,47,7.53,2023.01.04,5,18,15,5,3,8,20,10,5,3
Hikaru,BogdanDeac,Vienna-Game-Max-Lange-Defense,0,1,resigned,win,blitz,180,3165,3073,80.09,88.12,20:44:21,20:49:25,304.0,33,9.21,2023.01.04,5,10,7,9,1,3,11,6,10,1
BogdanDeac,Hikaru,Queens-Gambit-Declined,1,0,win,resigned,blitz,180,3083,3155,97.62,92.66,20:49:18,20:54:18,300.0,42,7.14,2023.01.04,4,26,4,5,2,6,18,9,6,1
Hikaru,BogdanDeac,Ruy-Lopez-Opening-Morphy-Defense-Anderssen-Variation,1,0,win,timeout,blitz,180,3161,3077,89.01,89.77,20:54:06,20:59:31,325.0,62,5.24,2023.01.04,8,40,10,3,0,11,26,12,10,1
BogdanDeac,Hikaru,Queens-Gambit-Declined,1,0,win,resigned,blitz,180,3087,3151,81.96,72.13,20:59:22,21:05:32,370.0,54,6.85,2023.01.04,4,29,10,10,0,8,25,10,6,3
Hikaru,BogdanDeac,Vienna-Game-Falkbeer-Vienna-Gambit,1,0,win,resigned,blitz,180,3158,3080,88.48,84.36,21:05:21,21:11:16,355.0,52,6.83,2023.01.04,11,24,8,7,1,4,26,13,6,1
BogdanDeac,Hikaru,Kings-Indian-Defense-Orthodox-Aronin-Taimanov-Defense,0,1,resigned,win,blitz,180,3074,3164,82.04,84.8,21:11:08,21:16:41,333.0,47,7.09,2023.01.04,6,24,6,8,2,5,22,11,8,0
vi_pranav,Hikaru,Giuoco-Piano-Game-Center-Attack,0,1,resigned,win,blitz,180,2987,3175,84.41,91.68,16:29:57,16:34:38,281.0,33,8.52,2023.01.09,4,17,5,3,3,2,17,7,5,1
Hikaru,vi_pranav,Indian-Game-Knights-Variation,0,1,resigned,win,blitz,180,3163,2999,82.36,86.02,16:34:42,16:40:10,328.0,59,5.56,2023.01.09,8,25,20,5,0,5,32,16,5,0
vi_pranav,Hikaru,Reti-Opening-Kingside-Fianchetto-Variation,0,1,checkmated,win,blitz,180,2995,3167,80.99,92.34,16:40:13,16:45:18,305.0,37,8.24,2023.01.09,4,14,11,5,2,6,15,8,5,2
Hikaru,vi_pranav,English-Opening-Reversed-Sicilian-Closed,1,0,win,resigned,blitz,180,3171,2991,80.52,73.87,16:45:22,16:51:04,342.0,52,6.58,2023.01.09,3,34,8,4,2,3,26,13,8,0
vi_pranav,Hikaru,Giuoco-Piano-Game-Giuoco-Pianissimo-Variation,0,1,resigned,win,blitz,180,2987,3175,83.46,95.1,16:51:13,16:54:11,178.0,23,7.74,2023.01.09,3,11,4,3,1,1,12,4,5,0
Hikaru,vi_pranav,Kings-Indian-Defense-Samisch-Steiner-Attack,1,0,win,resigned,blitz,180,3179,2983,90.76,84.57,16:54:13,16:59:04,291.0,37,7.86,2023.01.09,8,14,8,6,0,7,14,7,3,4
vi_pranav,Hikaru,Italian-Game-Knight-Attack-Polerio-Bishop-Check-Line,0,1,resigned,win,blitz,180,2979,3183,70.67,75.35,16:59:11,17:05:35,384.0,74,5.19,2023.01.09,19,38,9,4,3,23,37,4,6,3
Hikaru,vi_pranav,Scotch-Game-Classical-Potter-Variation,1,0,win,resigned,blitz,180,3187,2975,81.33,80.79,17:05:36,17:10:50,314.0,46,6.83,2023.01.09,4,24,11,6,0,6,25,6,4,3
vi_pranav,Hikaru,Italian-Game-Knight-Attack-Polerio-Bishop-Check-Line,0,1,resigned,win,blitz,180,2971,3191,90.46,97.5,17:10:52,17:13:53,181.0,29,6.24,2023.01.09,8,12,3,3,2,10,10,5,3,0
Hikaru,vi_pranav,Reti-Opening-Nimzowitsch-Larsen-Attack,1,0,win,resigned,blitz,180,3195,2967,85.86,78.17,17:13:59,17:17:16,197.0,27,7.3,2023.01.09,3,15,6,1,1,6,9,1,7,2
vi_pranav,Hikaru,Kings-Indian-Attack-Double-Fianchetto-Variation,0,1,checkmated,win,blitz,180,2964,3198,76.73,79.44,17:17:20,17:23:53,393.0,73,5.38,2023.01.09,17,32,14,8,1,14,35,16,6,1
Hikaru,vi_pranav,Reti-Opening,1,0,win,resigned,blitz,180,3201,2961,92.45,86.44,17:23:56,17:29:56,360.0,67,5.37,2023.01.09,14,35,12,4,1,15,28,14,7,1
Hikaru,Mr_Heisenberg13,Reti-Opening,1,0,win,resigned,blitz,180,3204,2925,88.6,85.6,18:09:50,18:15:16,326.0,62,5.26,2023.01.09,11,35,10,5,0,7,29,16,8,0
Mr_Heisenberg13,Hikaru,Modern-Defense-with,0,1,resigned,win,blitz,180,2922,3207,89.23,94.2,18:16:18,18:20:39,261.0,36,7.25,2023.01.09,3,16,10,6,0,2,17,14,1,1
Hikaru,Mr_Heisenberg13,Reti-Opening-Quiet-System,1,0,win,resigned,blitz,180,3210,2919,78.67,74.81,18:20:27,18:26:06,339.0,49,6.92,2023.01.09,6,24,10,6,2,4,23,13,5,2
Mr_Heisenberg13,Hikaru,Modern-Defense-with,0,1,resigned,win,blitz,180,2916,3213,70.43,73.98,18:25:55,18:31:52,357.0,55,6.49,2023.01.09,6,19,21,8,0,8,23,14,9,0
Hikaru,Mr_Heisenberg13,Bishops-Opening-Berlin-Vienna-Hybrid-Variation,1,0,win,resigned,blitz,180,3215,2914,85.69,78.16,18:31:46,18:36:30,284.0,40,7.1,2023.01.09,2,19,12,6,0,4,16,12,3,3
Mr_Heisenberg13,Hikaru,Modern-Defense-with,0,1,resigned,win,blitz,180,2912,3217,83.14,91.94,18:36:25,18:40:17,232.0,33,7.03,2023.01.09,4,14,7,5,2,2,17,9,4,0
Hikaru,Mr_Heisenberg13,Nimzo-Indian-Defense-Classical-Noa-Variation,1,0,win,timeout,blitz,180,3219,2910,80.94,79.71,18:39:52,18:46:07,375.0,91,4.12,2023.01.09,25,48,13,3,1,14,51,18,6,0
Mr_Heisenberg13,Hikaru,Giuoco-Piano-Game-Giuoco-Pianissimo-Variation,0,1,timeout,win,blitz,180,2908,3221,83.62,83.57,18:45:47,18:52:11,384.0,72,5.33,2023.01.09,15,32,15,9,0,19,29,14,8,1
Hikaru,Mr_Heisenberg13,Sicilian-Defense-Four-Knights-Cobra-Variation,1,0,win,resigned,blitz,180,3223,2906,84.21,79.3,18:52:00,18:56:51,291.0,49,5.94,2023.01.09,7,26,12,3,0,7,22,9,7,2
Mr_Heisenberg13,Hikaru,Ruy-Lopez-Opening-Morphy-Defense-Deferred-Fianchetto-Defense,0,1,checkmated,win,blitz,180,2904,3225,80.38,84.89,18:56:40,19:01:59,319.0,50,6.38,2023.01.09,2,22,19,5,1,4,26,15,4,0
Hikaru,Msb2,Reti-Opening,1,0,win,resigned,blitz,180,3230,3075,89.43,78.56,19:02:33,19:06:32,239.0,30,7.97,2023.01.09,1,16,8,3,1,5,12,4,6,1
Msb2,Hikaru,Modern-Defense-Averbakh-Variation,0,1,checkmated,win,blitz,180,3070,3235,84.32,93.16,19:06:16,19:12:03,347.0,60,5.78,2023.01.09,11,29,11,6,2,6,28,21,4,0
Oleksandr_Bortnyk,Hikaru,Owens-Defense,0,1,resigned,win,bullet,60,3340,3255,78.86,85.19,19:16:59,19:19:09,130.0,66,1.97,2023.01.09,25,34,6,0,0,27,37,1,0,0
Hikaru,Oleksandr_Bortnyk,Queens-Pawn-Opening-Tartakower-Variation,1,0,win,resigned,bullet,60,3265,3330,89.8,77.16,19:19:01,19:20:24,83.0,30,2.77,2023.01.09,6,22,1,0,0,10,12,5,1,0
Oleksandr_Bortnyk,Hikaru,Modern-Defense-Standard-Line,0.5,0.5,repetition,repetition,bullet,60,3329,3266,91.29,91.22,19:20:06,19:21:55,109.0,52,2.1,2023.01.09,19,30,1,1,0,21,29,1,0,0
Hikaru,Oleksandr_Bortnyk,Alekhines-Defense-Scandinavian-Variation,1,0,win,resigned,bullet,60,3275,3320,92.43,85.58,19:21:33,19:23:54,141.0,63,2.24,2023.01.09,20,39,3,0,0,28,28,4,1,0
Oleksandr_Bortnyk,Hikaru,Modern-Defense-with,1,0,win,resigned,bullet,60,3327,3268,91.95,83.67,19:23:45,19:24:59,74.0,29,2.55,2023.01.09,8,17,3,0,0,9,17,1,0,0
Hikaru,Oleksandr_Bortnyk,Nimzowitsch-Larsen-Attack-Classical-Variation,1,0,win,timeout,bullet,60,3277,3318,75.0,66.76,19:24:35,19:27:01,146.0,66,2.21,2023.01.09,26,37,1,1,0,29,28,5,2,0
Oleksandr_Bortnyk,Hikaru,Modern-Defense-with,1,0,win,resigned,bullet,60,3325,3270,82.95,71.76,19:26:52,19:28:22,90.0,32,2.81,2023.01.09,9,16,6,0,0,10,17,3,0,0
Hikaru,Oleksandr_Bortnyk,Nimzowitsch-Larsen-Attack-Classical-Variation,1,0,win,resigned,bullet,60,3279,3316,85.2,82.89,19:28:05,19:30:09,124.0,55,2.25,2023.01.09,20,34,0,0,0,18,29,5,1,0
Oleksandr_Bortnyk,Hikaru,Modern-Defense-with,1,0,win,resigned,bullet,60,3323,3272,87.17,77.44,19:29:45,19:31:59,134.0,64,2.09,2023.01.09,19,43,1,0,0,23,37,2,0,0
Hikaru,Oleksandr_Bortnyk,Nimzowitsch-Larsen-Attack,0.5,0.5,agreed,agreed,bullet,60,3273,3322,70.34,70.9,19:31:42,19:33:41,119.0,53,2.25,2023.01.09,17,32,3,0,0,20,29,2,0,0
Hikaru,Msb2,Reti-Opening,1,0,win,resigned,blitz,180,3239,3058,87.63,80.5,19:34:22,19:40:14,352.0,62,5.68,2023.01.09,16,28,12,4,1,19,26,4,10,1
Msb2,Hikaru,Nimzo-Indian-Defense-Normal-Line,0,1,resigned,win,blitz,180,3054,3243,74.53,89.53,19:40:07,19:44:41,274.0,31,8.84,2023.01.09,11,10,3,3,3,2,12,6,9,0
Hikaru,Msb2,Reti-Opening,1,0,win,resigned,blitz,180,3247,3050,94.8,74.68,19:44:40,19:46:16,96.0,19,5.05,2023.01.09,2,10,4,2,0,4,9,1,2,1
Msb2,Hikaru,Ware-Opening,0,1,resigned,win,blitz,180,3046,3251,77.48,91.96,19:46:11,19:47:42,91.0,26,3.5,2023.01.09,7,14,4,0,0,3,19,1,2,0
Hikaru,Jospem,Kings-Indian-Attack,1,0,win,resigned,bullet,60,3277,3090,91.27,80.36,19:48:40,19:50:26,106.0,44,2.41,2023.01.09,20,19,4,0,0,13,27,2,0,0
Jospem,Hikaru,Owens-Defense,0,1,resigned,win,bullet,60,3086,3281,85.32,87.47,19:50:10,19:52:26,136.0,64,2.12,2023.01.09,22,37,4,0,0,21,42,0,0,0
Hikaru,Jospem,Modern-Defense-Standard-Line,1,0,win,checkmated,bullet,60,3285,3082,93.11,79.65,19:52:22,19:53:28,66.0,31,2.13,2023.01.09,11,19,0,0,0,13,9,7,0,0
Jospem,Hikaru,Caro-Kann-Defense-Advance-Tal-Variation,0,1,resigned,win,bullet,60,3078,3289,77.93,88.29,19:53:21,19:55:03,102.0,44,2.32,2023.01.09,11,31,1,0,0,16,27,0,0,0
Hikaru,Jospem,Reti-Opening-Kingside-Fianchetto-Variation,0,1,resigned,win,bullet,60,3277,3090,82.84,87.79,19:54:51,19:56:41,110.0,51,2.16,2023.01.09,17,32,1,0,0,19,28,3,0,0
Jospem,Hikaru,Modern-Defense-with,0,1,resigned,win,bullet,60,3086,3281,77.0,82.52,19:56:29,19:58:26,117.0,51,2.29,2023.01.09,13,33,4,0,0,19,29,2,0,0
Hikaru,Jospem,Modern-Defense-Standard-Line,0,1,resigned,win,bullet,60,3269,3098,80.88,84.8,19:58:20,19:59:49,89.0,33,2.7,2023.01.09,11,19,2,0,0,7,21,4,0,0
Jospem,Hikaru,English-Opening-Great-Snake-Variation,0,1,resigned,win,bullet,60,3094,3273,86.78,91.47,19:59:37,20:01:41,124.0,52,2.38,2023.01.09,19,28,4,0,0,18,29,4,0,0
Hikaru,Jospem,Modern-Defense-Standard-Line,0,1,timeout,win,bullet,60,3261,3106,80.86,82.16,20:01:18,20:04:02,164.0,91,1.8,2023.01.09,46,42,1,1,0,42,46,2,0,0
Jospem,Hikaru,English-Opening-Great-Snake-Variation,0,1,checkmated,win,bullet,60,3101,3266,84.01,88.63,20:03:41,20:06:11,150.0,77,1.95,2023.01.09,34,39,3,0,0,30,43,3,0,0
LeRoidesChampions,Hikaru,Reti-Opening-Nimzowitsch-Larsen-Attack,0,1,timeout,win,blitz,180+1,2524,3251,79.24,85.59,16:00:03,16:05:53,350.0,32,10.94,2023.01.10,1,11,8,8,3,3,14,7,6,1
Hikaru,FontVella8,Reti-Opening,1,0,win,resigned,blitz,180+1,3252,2686,90.74,83.54,16:10:56,16:16:46,350.0,37,9.46,2023.01.10,3,19,6,7,1,5,15,7,5,3
Reader777,Hikaru,Nimzo-Indian-Defense-Classical-Noa-Variation,0.5,0.5,repetition,repetition,blitz,180+1,2827,3245,89.34,88.67,16:21:56,16:30:25,509.0,67,7.6,2023.01.10,4,31,15,15,1,5,30,16,13,1
Hikaru,GM_Crest,Reti-Opening,1,0,win,timeout,blitz,180+1,3246,2787,90.54,85.26,16:34:34,16:41:15,401.0,45,8.91,2023.01.10,4,22,11,5,2,2,20,8,11,2
Sam_ChessMood,Hikaru,Modern-Defense-with,0,1,resigned,win,blitz,180+1,2857,3248,86.75,95.08,16:50:49,16:59:16,507.0,67,7.57,2023.01.10,8,30,14,13,1,9,34,15,8,0
Hikaru,abhidabhi,Reti-Opening-Nimzo-Larsen-Variation,1,0,win,resigned,blitz,180+1,3251,2967,83.65,72.62,17:01:39,17:09:02,443.0,41,10.8,2023.01.10,4,15,10,8,3,1,15,10,9,4
Fandorine,Hikaru,Giuoco-Piano-Game-Giuoco-Pianissimo-Variation,0.5,0.5,repetition,repetition,blitz,180+1,3008,3246,79.8,81.01,17:11:05,17:19:31,506.0,65,7.78,2023.01.10,13,32,9,8,2,10,32,10,8,3
Hikaru,frederiksvane,Sicilian-Defense,1,0,win,resigned,blitz,180+1,3248,2876,89.91,73.23,17:22:22,17:27:05,283.0,20,14.15,2023.01.10,2,9,4,4,0,0,6,0,8,4
tptagain,Hikaru,Reti-Opening-Reti-Gambit-Declined-Advance-Michel-Gambit,0,1,timeout,win,blitz,180+1,3012,3251,76.96,83.15,17:39:57,17:47:17,440.0,38,11.58,2023.01.10,4,12,5,11,5,4,16,5,8,4
Hikaru,RaunakSadhwani2005,Ruy-Lopez-Opening-Berlin-Defense,0.5,0.5,agreed,agreed,blitz,180+1,3247,3089,91.78,93.68,17:49:50,17:54:05,255.0,26,9.81,2023.01.10,3,10,2,8,2,5,8,6,3,2
Duhless,Hikaru,Queens-Pawn-Opening-Horwitz-Defense,1,0,win,timeout,blitz,180+1,3143,3236,91.84,85.35,18:00:14,18:07:58,464.0,46,10.09,2023.01.10,1,22,12,8,2,3,16,14,8,3
Hikaru,Jospem,Sicilian-Defense-Delayed-Alapin-Variation,1,0,win,timeout,blitz,180,3239,2959,91.06,88.09,19:36:28,19:42:57,389.0,74,5.26,2023.01.10,14,37,13,9,0,11,35,15,11,0
Jospem,Hikaru,Caro-Kann-Defense-Advance-Variation,0.5,0.5,agreed,agreed,blitz,180,2964,3234,91.85,90.08,19:43:50,19:46:53,183.0,53,3.45,2023.01.10,9,37,5,1,0,8,37,6,1,0
Hikaru,Jospem,Sicilian-Defense-Delayed-Alapin-Variation,1,0,win,resigned,blitz,180,3237,2961,82.9,78.04,19:46:43,19:52:19,336.0,48,7.0,2023.01.10,1,24,14,8,0,7,20,8,10,1
Jospem,Hikaru,Modern-Defense-Gurgenidze-Variation,1,0,win,resigned,blitz,180,2974,3224,91.15,82.83,19:52:18,19:57:43,325.0,47,6.91,2023.01.10,7,20,11,7,1,7,26,5,5,2
Hikaru,Jospem,English-Opening-Symmetrical-Two-Knights-Variation,1,0,win,resigned,blitz,180,3227,2971,82.5,79.85,19:57:29,20:03:38,369.0,61,6.05,2023.01.10,19,23,10,5,3,15,25,10,8,1
Jospem,Hikaru,Owens-Defense,0,1,resigned,win,blitz,180,2968,3230,82.07,83.54,20:03:23,20:09:53,390.0,93,4.19,2023.01.10,18,54,14,6,0,19,58,10,5,0
Hikaru,Jospem,Trompowsky-Attack-Classical-Defense,0,1,resigned,win,blitz,180,3217,2981,76.53,79.89,20:09:51,20:14:41,290.0,35,8.29,2023.01.10,3,17,6,7,1,4,15,6,6,2
Jospem,Hikaru,Sicilian-Defense-Delayed-Alapin-Variation,0,1,resigned,win,blitz,180,2978,3220,76.85,81.2,20:14:36,20:19:44,308.0,46,6.7,2023.01.10,7,25,2,8,3,9,21,10,4,1
Hikaru,Jospem,Reti-Opening-Sicilian-Invitation,0,1,resigned,win,blitz,180,3207,2991,82.46,94.14,20:19:40,20:24:29,289.0,42,6.88,2023.01.10,6,22,9,3,1,6,16,9,8,1
Jospem,Hikaru,Caro-Kann-Defense-Advance-Tal-Variation,0,1,checkmated,win,blitz,180,2987,3211,77.86,84.17,20:24:17,20:30:30,373.0,66,5.65,2023.01.10,14,28,14,8,1,6,39,15,3,2
Fibrinogen,Hikaru,Modern-Defense-with,0,1,resigned,win,blitz,180+1,2521,3211,84.56,86.59,21:59:43,22:06:11,388.0,75,5.17,2023.01.10,10,38,19,5,2,20,43,9,2,0
Hikaru,GmSergioBarrientos,Reti-Opening-Nimzowitsch-Larsen-Attack,1,0,win,resigned,blitz,180+1,3212,2675,90.6,78.21,22:10:19,22:13:58,219.0,25,8.76,2023.01.10,3,12,7,2,0,3,7,5,4,4
KazakhFighter04,Hikaru,Dutch-Defense-Staunton-Gambit-Accepted,0,1,resigned,win,blitz,180+1,2774,3213,79.85,88.8,22:20:26,22:27:10,404.0,34,11.88,2023.01.10,5,12,8,4,4,3,14,10,4,2
Hikaru,SantoBlue,Reti-Opening,0,1,resigned,win,blitz,180+1,3199,2890,89.79,92.37,22:30:13,22:37:58,465.0,73,6.37,2023.01.10,17,33,13,8,1,5,39,14,14,0
Hikaru,AlexPapasimakopoulos,Kings-Indian-Attack-Yugoslav-Variation,1,0,win,resigned,blitz,180+1,3200,2692,85.55,81.84,22:46:00,22:52:58,418.0,55,7.6,2023.01.10,8,31,6,7,2,3,27,9,12,2
ContrVersia,Hikaru,Modern-Defense-with,0,1,timeout,win,blitz,180+1,2810,3202,82.58,83.46,22:56:37,23:04:35,478.0,50,9.56,2023.01.10,3,24,12,7,3,10,22,9,6,2
Hikaru,Jospem,Vienna-Game-Max-Lange-Defense,1,0,win,resigned,blitz,180+1,3206,2999,88.49,83.45,23:05:56,23:15:07,551.0,83,6.64,2023.01.10,9,41,18,13,1,11,34,24,11,1
jefferyx,Hikaru,Modern-Defense-Norwegian-Defense,0.5,0.5,repetition,repetition,blitz,180+1,3030,3202,83.02,80.12,23:15:35,23:21:24,349.0,35,9.97,2023.01.10,10,12,4,5,3,2,14,5,12,1
Hikaru,exoticprincess,Trompowsky-Attack-Classical-Big-Center-Variation,1,0,win,resigned,blitz,180+1,3206,3004,88.87,84.39,23:31:26,23:40:00,514.0,71,7.24,2023.01.10,15,29,11,13,2,8,35,11,12,3
FairChess_on_YouTube,Hikaru,English-Opening-Anglo-Indian-Kings-Knight-Variation,1,0,win,resigned,blitz,180+1,3107,3196,89.13,82.14,23:42:22,23:49:56,454.0,54,8.41,2023.01.10,0,26,18,7,2,7,27,4,11,3
Jospem,Hikaru,Caro-Kann-Defense,0,1,resigned,win,blitz,180,3012,3200,75.49,81.76,15:42:30,15:47:47,317.0,38,8.34,2023.01.11,3,13,10,9,2,5,17,7,7,1
Hikaru,Jospem,Indian-Game-Knights-Variation,0,1,resigned,win,blitz,180,3188,3024,88.95,90.01,15:47:31,15:53:45,374.0,75,4.99,2023.01.11,10,42,15,7,0,11,40,18,5,0
Jospem,Hikaru,Caro-Kann-Defense-Breyer-Variation,0,1,resigned,win,blitz,180,3020,3192,76.86,84.79,15:53:39,15:58:51,312.0,43,7.26,2023.01.11,7,16,10,7,2,6,21,6,8,1
Hikaru,Jospem,Reti-Opening-Sicilian-Invitation,1,0,win,resigned,blitz,180,3196,3016,100.0,100.0,15:59:05,16:00:35,90.0,4,22.5,2023.01.11,0,2,0,0,1,0,2,0,0,1
Jospem,Hikaru,Caro-Kann-Defense-Breyer-Variation,0.5,0.5,insufficient,insufficient,blitz,180,3020,3192,86.86,87.47,16:10:25,16:16:46,381.0,68,5.6,2023.01.11,18,28,10,11,0,16,35,7,7,2
Hikaru,Jospem,Closed-Sicilian-Defense-Grand-Prix-Attack,0.5,0.5,agreed,agreed,blitz,180,3188,3024,88.14,89.29,16:16:39,16:21:49,310.0,50,6.2,2023.01.11,12,23,7,5,2,6,27,6,7,2
Jospem,Hikaru,Kings-Indian-Attack-Double-Fianchetto-Pachman-System,0,1,resigned,win,blitz,180,3020,3192,87.66,88.9,16:21:28,16:28:03,395.0,89,4.44,2023.01.11,19,52,11,5,1,25,45,9,9,0
Hikaru,Jospem,Sicilian-Defense-Delayed-Alapin-Variation,1,0,win,resigned,blitz,180,3196,3016,82.76,79.33,16:27:52,16:33:45,353.0,53,6.66,2023.01.11,5,29,8,10,0,7,23,13,6,2
Jospem,Hikaru,Kings-Indian-Attack-Double-Fianchetto-Pachman-System,0.5,0.5,repetition,repetition,blitz,180,3020,3192,93.3,91.94,16:33:40,16:38:54,314.0,43,7.3,2023.01.11,11,20,6,3,2,4,21,7,9,1
Hikaru,Jospem,Nimzo-Indian-Defense-Classical-Variation,1,0,win,resigned,blitz,180,3196,3016,84.9,82.72,16:38:36,16:44:37,361.0,77,4.69,2023.01.11,14,45,11,6,0,16,36,15,7,1
Jospem,Hikaru,Caro-Kann-Defense-Breyer-Variation,0,1,resigned,win,blitz,180,3012,3200,79.16,85.41,16:44:27,16:50:19,352.0,57,6.18,2023.01.11,16,21,7,11,1,7,30,13,5,1
Hikaru,mitrabhaa,Caro-Kann-Defense,1,0,win,resigned,blitz,180,3202,2893,81.71,71.69,19:11:01,19:13:28,147.0,19,7.74,2023.01.16,3,8,4,3,0,1,7,6,1,2
mitrabhaa,Hikaru,Dutch-Defense-Raphael-Variation,0,1,resigned,win,blitz,180,2891,3204,85.68,92.62,19:13:31,19:17:15,224.0,25,8.96,2023.01.16,1,7,11,5,0,5,6,6,6,1
Hikaru,mitrabhaa,Reti-Opening-Nimzo-Larsen-Variation,1,0,win,checkmated,blitz,180,3206,2889,84.94,80.61,19:17:16,19:23:56,400.0,92,4.35,2023.01.16,32,39,15,3,2,33,39,11,5,2
mitrabhaa,Hikaru,Dutch-Defense-Hopton-Attack,0,1,resigned,win,blitz,180,2887,3208,77.78,80.67,19:23:54,19:30:14,380.0,76,5.0,2023.01.16,16,37,14,8,0,15,39,15,5,1
Hikaru,mitrabhaa,Reti-Opening-Nimzo-Larsen-Variation,0,1,resigned,win,blitz,180,3194,2901,82.12,85.51,19:30:13,19:35:35,322.0,58,5.55,2023.01.16,12,28,11,5,1,7,33,9,6,1
mitrabhaa,Hikaru,Dutch-Defense-Queens-Knight-Variation,0,1,resigned,win,blitz,180,2898,3197,74.16,79.72,19:35:42,19:40:55,313.0,41,7.63,2023.01.16,4,18,9,7,2,5,19,10,6,0
Hikaru,mitrabhaa,Caro-Kann-Defense-Two-Knights-Attack,1,0,win,resigned,blitz,180,3199,2896,82.95,78.52,19:40:54,19:45:30,276.0,43,6.42,2023.01.16,6,22,12,0,2,4,22,11,3,1
mitrabhaa,Hikaru,Dutch-Defense-Normal-Variation,0,1,resigned,win,blitz,180,2894,3201,84.12,88.69,19:45:39,19:51:02,323.0,33,9.79,2023.01.16,4,13,2,12,1,2,12,7,11,0
Hikaru,mitrabhaa,Reti-Opening-Kingside-Fianchetto-Variation,1,0,win,timeout,blitz,180,3203,2892,79.73,75.21,19:53:08,19:59:27,379.0,60,6.32,2023.01.16,9,28,11,11,0,12,28,7,10,1
mitrabhaa,Hikaru,Dutch-Defense-Queens-Knight-Variation,0.5,0.5,repetition,repetition,blitz,180,2898,3197,85.42,85.8,19:59:39,20:03:51,252.0,41,6.15,2023.01.16,3,19,10,8,0,6,20,9,4,0
Hikaru,mitrabhaa,Caro-Kann-Defense-Two-Knights-Attack,1,0,win,resigned,blitz,180,3199,2896,86.17,72.9,20:03:53,20:05:50,117.0,22,5.32,2023.01.16,3,11,4,3,0,2,12,4,2,0
mitrabhaa,Hikaru,English-Opening-Four-Knights-Variation,0,1,resigned,win,blitz,180,2894,3201,83.28,89.01,20:05:55,20:10:23,268.0,34,7.88,2023.01.16,3,15,6,7,2,4,14,9,6,0
Hikaru,SlipperySpeedster,Reti-Opening-Kings-Indian-Attack-Symmetrical-Defense,1,0,win,resigned,blitz,180+1,3201,2521,85.52,77.71,15:59:57,16:07:48,471.0,65,7.25,2023.01.17,6,32,17,9,0,8,33,8,13,1
Makswolf200817,Hikaru,Modern-Defense-with,0,1,timeout,win,blitz,180+1,2656,3202,78.06,82.97,16:12:33,16:21:45,552.0,79,6.99,2023.01.17,6,42,19,9,2,14,37,9,15,3
Hikaru,alexrustemov,Kings-Indian-Attack,1,0,win,timeout,blitz,180+1,3203,2798,89.13,84.2,16:22:42,16:31:22,520.0,67,7.76,2023.01.17,7,34,10,12,3,6,30,14,12,3
mitrabhaa,Hikaru,English-Opening-Four-Knights-Variation,0,1,resigned,win,blitz,180+1,2901,3205,88.07,90.38,16:33:35,16:41:33,478.0,54,8.85,2023.01.17,5,25,9,11,3,7,22,13,8,3
Hikaru,GMSrinath,Kings-Indian-Attack-Double-Fianchetto-Variation,1,0,win,resigned,blitz,180+1,3208,2930,79.13,75.53,16:50:48,16:59:56,548.0,80,6.85,2023.01.17,13,47,9,7,3,13,46,7,10,2
abhidabhi,Hikaru,Ruy-Lopez-Opening-Berlin-Defense,1,0,win,timeout,blitz,180+1,2991,3195,88.92,78.78,17:01:35,17:09:19,464.0,45,10.31,2023.01.17,3,17,14,6,4,7,14,10,9,3
Hikaru,Alexandr_Predke,Sicilian-Defense-French-Variation,1,0,win,timeout,blitz,180+1,3198,2921,78.16,81.98,17:12:54,17:21:09,495.0,56,8.84,2023.01.17,8,23,11,12,1,4,31,5,10,4
wonderfultime,Hikaru,Pirc-Defense,0.5,0.5,repetition,repetition,blitz,180+1,2937,3193,89.46,89.37,17:23:12,17:31:53,521.0,73,7.14,2023.01.17,18,34,8,9,3,13,33,13,9,3
AlexanderL,Hikaru,Reti-Opening,0.5,0.5,insufficient,insufficient,blitz,180+1,2960,3188,87.91,88.9,17:39:15,17:48:37,562.0,85,6.61,2023.01.17,11,46,12,12,3,16,44,10,12,2
Hikaru,Zkid,Kings-Indian-Attack-Yugoslav-Variation,1,0,win,resigned,blitz,180+1,3191,2928,91.54,85.86,17:49:41,17:56:41,420.0,47,8.94,2023.01.17,5,23,9,6,3,6,19,8,10,2
anon6121824,Hikaru,Ruy-Lopez-Opening-Fianchetto-Defense,0,1,resigned,win,blitz,180+1,2906,3194,88.1,93.41,17:59:44,18:07:08,444.0,47,9.45,2023.01.17,11,17,10,4,4,6,24,7,8,1
Hikaru,BuLolo,Indian-Game-East-Indian-Przepiorka-Variation,0,1,checkmated,win,blitz,180,3182,3020,72.46,82.14,20:06:07,20:11:01,294.0,46,6.39,2023.01.17,8,23,8,5,1,10,19,9,6,1
BuLolo,Hikaru,Kings-Pawn-Opening-St-George-Defense,1,0,win,resigned,blitz,180,3031,3171,80.4,74.32,20:10:57,20:16:49,352.0,56,6.29,2023.01.17,8,28,13,5,1,4,24,14,11,1
Hikaru,BuLolo,Kings-Fianchetto-Opening,1,0,win,resigned,blitz,180,3176,3026,85.67,80.26,20:16:47,20:21:27,280.0,42,6.67,2023.01.17,10,17,6,8,0,5,17,8,9,1
BuLolo,Hikaru,Nimzo-Indian-Defense-Keres-Variation,0,1,resigned,win,blitz,180,3021,3181,83.08,86.83,20:21:26,20:25:18,232.0,29,8.0,2023.01.17,5,11,5,5,2,2,14,4,8,0
Hikaru,BuLolo,Reti-Opening,1,0,win,resigned,blitz,180,3186,3016,83.36,72.72,20:25:13,20:30:04,291.0,41,7.1,2023.01.17,4,18,12,6,0,5,15,10,9,0
BuLolo,Hikaru,Ruy-Lopez-Opening-Fianchetto-Defense,0,1,resigned,win,blitz,180,3012,3190,84.22,91.25,20:30:04,20:34:48,284.0,39,7.28,2023.01.17,5,17,7,9,0,4,21,8,5,0
Hikaru,BuLolo,Reti-Opening-Kings-Indian-Attack-Symmetrical-Defense,1,0,win,timeout,blitz,180,3194,3008,85.08,79.79,20:34:39,20:40:58,379.0,64,5.92,2023.01.17,16,25,10,12,0,13,30,12,5,2
BuLolo,Hikaru,Nimzo-Indian-Defense-Ragozin-Gligoric-System,1,0,win,resigned,blitz,180,3020,3182,86.41,82.75,20:40:47,20:46:23,336.0,64,5.25,2023.01.17,12,37,5,9,0,9,33,12,7,1
Hikaru,BuLolo,Sicilian-Defense-Nyezhmetdinov-Rossolimo-Attack,1,0,win,checkmated,blitz,180,3187,3015,82.76,75.01,20:46:23,20:51:10,287.0,36,7.97,2023.01.17,3,17,8,6,1,7,10,9,6,2
Hikaru,eljanov,Reti-Opening,1,0,win,resigned,blitz,180,3191,3002,96.43,88.6,20:53:53,20:58:17,264.0,30,8.8,2023.01.17,4,12,6,7,0,4,10,4,7,3
eljanov,Hikaru,Four-Knights-Game-Scotch-Variation-Accepted,1,0,win,resigned,blitz,180,3014,3179,85.85,79.96,20:58:17,21:03:50,333.0,48,6.94,2023.01.17,7,23,9,7,1,5,21,7,12,1
Hikaru,eljanov,Vienna-Game-Max-Lange-Defense,1,0,win,resigned,blitz,180,3183,3010,92.7,83.36,21:03:52,21:05:51,119.0,19,6.26,2023.01.17,4,8,4,2,0,2,6,6,3,0
eljanov,Hikaru,Caro-Kann-Defense,0,1,timeout,win,blitz,180,3006,3187,79.04,82.83,21:05:49,21:12:08,379.0,54,7.02,2023.01.17,7,25,10,9,2,10,28,7,7,1
Hikaru,eljanov,Kings-Indian-Attack,1,0,win,resigned,blitz,180,3191,3002,81.55,76.53,21:12:07,21:17:51,344.0,48,7.17,2023.01.17,3,23,12,8,1,1,26,8,11,0
eljanov,Hikaru,Caro-Kann-Defense-Advance-Variation,0,1,resigned,win,blitz,180,2998,3195,88.02,93.97,21:17:53,21:22:02,249.0,28,8.89,2023.01.17,2,13,5,5,2,0,12,8,6,1
Hikaru,eljanov,Reti-Opening,1,0,win,resigned,blitz,180,3199,2994,91.42,86.66,21:22:01,21:27:25,324.0,44,7.36,2023.01.17,7,19,9,7,1,4,20,9,8,1
eljanov,Hikaru,Caro-Kann-Defense-Exchange-Variation,0,1,resigned,win,blitz,180,2990,3203,77.99,82.69,21:27:24,21:33:27,363.0,59,6.15,2023.01.17,5,34,12,5,2,9,28,10,11,0
Hikaru,PotapovaM,Reti-Opening,1,0,win,resigned,blitz,180+1,3203,2520,85.12,78.22,21:59:59,22:06:07,368.0,37,9.95,2023.01.17,5,15,8,6,2,6,12,7,7,3
Diego_FloresQ,Hikaru,Caro-Kann-Defense-Bronstein-Larsen-Variation,0,1,resigned,win,blitz,180+1,2642,3204,87.29,92.89,22:11:08,22:17:33,385.0,50,7.7,2023.01.17,3,24,11,6,5,4,21,17,7,0
Hikaru,greekplayer1,Kings-Indian-Attack-Yugoslav-Variation,1,0,win,checkmated,blitz,180+1,3205,2775,81.76,78.26,22:20:34,22:31:01,627.0,115,5.45,2023.01.17,23,61,15,14,1,22,66,14,8,3
platy3,Hikaru,Ruy-Lopez-Opening-Fianchetto-Defense,0,1,timeout,win,blitz,180+1,2859,3207,79.04,85.35,22:31:09,22:38:12,423.0,48,8.81,2023.01.17,4,22,12,4,5,6,25,5,9,2
Hikaru,Vladimir_Zakhartsov,Kings-Indian-Attack-Double-Fianchetto-Variation,1,0,win,timeout,blitz,180+1,3210,2916,95.36,89.7,22:46:47,22:53:04,377.0,38,9.92,2023.01.17,6,20,4,4,3,3,13,6,11,3
exoticprincess,Hikaru,Giuoco-Piano-Game-Giuoco-Pianissimo-Variation,0,1,timeout,win,blitz,180+1,2984,3213,90.0,92.68,22:57:47,23:05:12,445.0,40,11.12,2023.01.17,3,19,5,7,5,4,18,10,5,2
vugarrasulov,Hikaru,Three-Knights-Opening-Winawer-Defense,0.5,0.5,repetition,repetition,blitz,180+1,2936,3208,90.34,91.73,23:10:00,23:17:03,423.0,37,11.43,2023.01.17,6,10,4,13,3,5,11,5,11,3
Hikaru,penguingm1,Polish-Opening-Baltic-Defense,0,1,resigned,win,blitz,180+1,3195,2970,77.5,84.13,23:20:08,23:28:10,482.0,51,9.45,2023.01.17,10,17,11,8,4,10,22,9,5,4
Hikaru,Andreikka,Trompowsky-Attack,1,0,win,timeout,blitz,180+1,3198,2942,87.9,84.97,23:36:33,23:45:09,516.0,67,7.7,2023.01.17,6,35,12,11,2,4,31,18,10,2
Twitch_ElhamBlitz05,Hikaru,Bishops-Opening-Berlin-Vienna-Hybrid-Variation,0,1,resigned,win,blitz,180+1,2908,3201,80.22,86.71,23:47:07,23:53:09,362.0,27,13.41,2023.01.17,3,13,4,2,4,1,10,9,3,3
Hikaru,SKAlexandrovich,Indian-Game-East-Indian-Przepiorka-Variation,0,1,resigned,win,blitz,180,3194,3004,72.91,98.02,17:00:00,17:02:02,122.0,18,6.78,2023.01.18,3,8,3,2,1,1,11,3,2,0
GeneralRubbish,Hikaru,Modern-Defense-with,0,1,timeout,win,blitz,180,2203,3194,81.38,86.17,17:02:03,17:06:41,278.0,59,4.71,2023.01.18,11,25,12,9,1,10,45,3,0,0
unknownplayer1243,Hikaru,Modern-Defense-Standard-Line,0,1,resigned,win,blitz,180,2427,3194,69.82,76.93,17:06:50,17:08:36,106.0,25,4.24,2023.01.18,3,12,6,3,0,7,16,1,0,0
Hikaru,moro182,Bishops-Opening-Berlin-Vienna-Hybrid-Variation,1,0,win,resigned,blitz,180,3196,2803,93.97,84.16,17:08:33,17:13:06,273.0,31,8.81,2023.01.18,7,14,5,3,1,2,14,7,3,3
Hikaru,MITerryble,Kings-Indian-Attack,0.5,0.5,insufficient,insufficient,blitz,180,3191,2973,82.89,81.22,17:12:55,17:19:29,394.0,89,4.43,2023.01.18,27,43,10,6,2,23,39,22,4,0
Lazybones89,Hikaru,Modern-Defense-with,0,1,timeout,win,blitz,180,2946,3206,89.86,91.38,17:19:25,17:25:31,366.0,67,5.46,2023.01.18,14,30,12,10,0,16,33,10,6,1
Hikaru,hansen,Alapin-Sicilian-Defense,1,0,win,timeout,blitz,180,3208,2869,73.42,74.32,17:25:22,17:31:15,353.0,54,6.54,2023.01.18,5,29,13,6,0,8,27,5,9,3
Byniolus,Hikaru,Modern-Defense-with,0,1,timeout,win,blitz,180,2808,3209,80.99,83.78,17:31:05,17:37:27,382.0,66,5.79,2023.01.18,17,28,9,10,1,14,31,11,8,1
hansen,Hikaru,Kings-Indian-Attack-Double-Fianchetto-Variation,0,1,timeout,win,blitz,180,2870,3211,89.95,87.18,17:37:08,17:42:51,343.0,65,5.28,2023.01.18,12,29,14,8,1,16,32,11,5,0
Hikaru,Sychev_on_YouTube,Vienna-Game-Max-Lange-Defense,1,0,win,resigned,blitz,180,3213,2825,87.19,76.73,17:42:54,17:48:36,342.0,37,9.24,2023.01.18,5,18,7,5,1,2,9,11,13,0
MiFerz44,Hikaru,Reti-Opening-Kingside-Fianchetto-Variation,0,1,resigned,win,blitz,180,2638,3214,74.51,84.23,17:49:49,17:53:47,238.0,30,7.93,2023.01.18,3,10,11,2,3,5,15,7,2,0
Hikaru,wonderfultime,Sicilian-Defense-Nimzowitsch-Variation,1,0,win,resigned,blitz,180,3217,2950,94.05,90.06,17:53:47,17:59:51,364.0,45,8.09,2023.01.18,4,23,11,5,1,8,18,11,3,3
MITerryble,Hikaru,Modern-Defense-with,0,1,resigned,win,blitz,180,2994,3221,86.83,91.65,17:59:50,18:04:16,266.0,36,7.39,2023.01.18,4,17,6,7,1,5,15,11,3,1
Hikaru,exoticprincess,Vienna-Game-Falkbeer-Stanley-Variation,1,0,win,timeout,blitz,180,3224,2935,78.01,73.37,18:04:13,18:10:01,348.0,49,7.1,2023.01.18,6,24,13,4,1,5,26,8,6,2
Oleksandr_Bortnyk,Hikaru,Alapin-Sicilian-Defense-Barmen-Defense,0.5,0.5,agreed,agreed,blitz,180,3013,3220,94.93,94.09,18:09:53,18:13:50,237.0,33,7.18,2023.01.18,8,11,6,5,2,6,20,3,2,1
Hikaru,hansen,Alapin-Sicilian-Defense,1,0,win,timeout,blitz,180,3222,2903,78.89,80.77,18:13:47,18:19:28,341.0,56,6.09,2023.01.18,8,27,17,3,0,9,22,13,9,1
MLChess64,Hikaru,Modern-Defense-with,0,1,timeout,win,blitz,180,2424,3222,69.15,77.29,18:19:32,18:24:01,269.0,41,6.56,2023.01.18,9,16,6,6,3,11,21,6,2,0
SlipperySpeedster,Hikaru,Modern-Defense-with,0,1,resigned,win,blitz,180,2571,3222,82.76,90.97,18:24:13,18:25:07,54.0,18,3.0,2023.01.18,5,9,3,0,0,6,10,1,0,0
Hikaru,Vaoow,Nimzowitsch-Defense-Declined,1,0,win,resigned,blitz,180,3222,2018,87.98,82.7,18:25:12,18:28:25,193.0,51,3.78,2023.01.18,11,33,6,0,0,1,35,13,0,0
Hikaru,MITerryble,French-Defense-La-Bourdonnais-Variation,1,0,win,resigned,blitz,180,3225,2996,92.22,85.79,18:28:24,18:32:04,220.0,35,6.29,2023.01.18,4,18,8,4,0,7,16,3,5,2
Hikaru,GMBenjaminBok,Reti-Opening,1,0,win,resigned,blitz,180,3228,2984,85.33,79.9,18:31:56,18:37:28,332.0,54,6.15,2023.01.18,7,29,10,7,0,8,23,12,8,1
TigrVShlyape,Hikaru,Modern-Defense-with,0,1,timeout,win,blitz,180,2908,3230,88.82,87.84,18:37:20,18:42:59,339.0,54,6.28,2023.01.18,1,26,17,8,1,13,20,15,5,0
Hikaru,chessajedrezz2020,Reti-Opening,1,0,win,resigned,blitz,180,3231,2725,90.82,84.72,18:42:52,18:44:44,112.0,27,4.15,2023.01.18,4,17,5,0,0,6,12,5,2,0
exoticprincess,Hikaru,Modern-Defense-with,0,1,resigned,win,blitz,180,2946,3234,74.42,80.76,18:44:47,18:49:52,305.0,34,8.97,2023.01.18,4,15,6,6,2,3,19,7,2,2
Hikaru,Oleksandr_Bortnyk,Alekhines-Defense,1,0,win,timeout,blitz,180,3238,3009,69.53,70.48,18:49:31,18:55:38,367.0,72,5.1,2023.01.18,15,37,12,6,1,16,35,10,8,1
NikoTheodorou,Hikaru,Caro-Kann-Defense,0.5,0.5,repetition,repetition,blitz,180,3053,3234,92.05,92.08,19:02:22,19:08:34,372.0,65,5.72,2023.01.18,19,26,10,8,1,22,28,4,7,2
Hikaru,NikoTheodorou,Vienna-Game-Frankenstein-Dracula-Variation-Declined,1,0,win,resigned,blitz,180,3238,3049,85.18,81.54,19:08:18,19:14:23,365.0,56,6.52,2023.01.18,9,28,11,6,1,13,19,12,9,1
NikoTheodorou,Hikaru,Sicilian-Defense-Smith-Morra-Gambit-Declined-Push-Variation,1,0,win,checkmated,blitz,180,3061,3226,79.5,71.44,19:14:04,19:20:07,363.0,58,6.26,2023.01.18,13,25,10,7,2,11,27,6,11,1
Hikaru,NikoTheodorou,Vienna-Game-Frankenstein-Dracula-Variation-Declined,0.5,0.5,repetition,repetition,blitz,180,3222,3065,92.93,93.13,19:20:04,19:23:37,213.0,26,8.19,2023.01.18,4,13,3,3,2,8,14,0,1,2
Hikaru,Jospem,Reti-Opening-Sicilian-Invitation,0.5,0.5,agreed,agreed,blitz,180,3218,3045,87.06,88.95,19:24:46,19:29:39,293.0,40,7.33,2023.01.18,3,20,10,5,1,3,16,12,6,1
Jospem,Hikaru,French-Defense-Exchange-Variation,0,1,resigned,win,blitz,180,3041,3222,90.11,95.45,19:29:34,19:34:01,267.0,39,6.85,2023.01.18,8,16,8,4,2,5,20,10,2,1
Hikaru,Jospem,English-Opening-Symmetrical-Two-Knights-Variation,0.5,0.5,repetition,repetition,blitz,180,3218,3045,95.73,95.29,19:33:52,19:39:30,338.0,52,6.5,2023.01.18,12,21,8,8,2,11,22,9,6,2
Jospem,Hikaru,Owens-Defense,1,0,win,resigned,blitz,180,3057,3206,84.72,81.04,19:39:18,19:45:19,361.0,64,5.64,2023.01.18,7,33,17,5,1,5,36,11,10,0
Hikaru,Jospem,Sicilian-Defense-Chekhover-Variation,1,0,win,resigned,blitz,180,3211,3052,82.2,74.32,19:45:13,19:50:47,334.0,42,7.95,2023.01.18,6,21,5,7,2,8,15,7,7,3
Jospem,Hikaru,Kings-Indian-Attack-Double-Fianchetto-Variation,0,1,resigned,win,blitz,180,3047,3216,83.5,89.78,19:50:51,19:55:45,294.0,32,9.19,2023.01.18,3,10,8,8,2,2,15,5,7,2
Tonychess32,Hikaru,Modern-Defense-with,0,1,timeout,win,blitz,180+1,2513,3216,77.3,84.83,21:59:56,22:08:19,503.0,63,7.98,2023.01.24,5,31,13,10,3,5,35,11,8,3
Hikaru,Rutricks,Reti-Opening-Kingside-Fianchetto-Variation,1,0,win,resigned,blitz,180+1,3217,2688,93.61,82.3,22:09:38,22:11:06,88.0,19,4.63,2023.01.24,2,13,2,1,0,4,8,2,3,0
SantoBlue,Hikaru,Caro-Kann-Defense,0,1,resigned,win,blitz,180+1,2825,3219,71.47,79.79,22:18:56,22:26:13,437.0,44,9.93,2023.01.24,4,18,9,11,1,5,18,11,8,1
Hikaru,TigrVShlyape,Indian-Game-Knights-Variation,1,0,win,timeout,blitz,180+1,3221,2921,97.27,90.48,22:28:52,22:35:29,397.0,33,12.03,2023.01.24,2,12,7,9,2,2,12,9,3,5
penguingm1,Hikaru,Queens-Pawn-Opening-Accelerated-London-Steinitz-Countergambit,0,1,resigned,win,blitz,180+1,2971,3224,74.78,79.29,22:45:54,22:53:27,453.0,43,10.53,2023.01.24,6,21,3,8,4,8,13,8,10,3
Hikaru,AryanTari,Reti-Opening-Nimzowitsch-Larsen-Attack,1,0,win,resigned,blitz,180+1,3227,2928,91.17,85.33,22:55:23,23:03:07,464.0,47,9.87,2023.01.24,4,21,7,11,3,7,18,8,8,4
BogdanDeac,Hikaru,Indian-Game-Black-Knights-Tango,0.5,0.5,repetition,repetition,blitz,180+1,3042,3223,94.56,94.81,23:05:15,23:14:13,538.0,78,6.9,2023.01.24,13,50,4,7,3,23,36,5,8,4
Hikaru,chesspanda123,Reti-Opening,1,0,win,timeout,blitz,180+1,3228,3084,82.9,79.29,23:15:39,23:23:53,494.0,56,8.82,2023.01.24,8,24,10,11,2,3,15,23,12,1
Hikaru,MagnusCarlsen,Anderssen-Opening,1,0,win,timeout,blitz,180+1,3236,3240,83.34,81.54,23:30:54,23:38:29,455.0,39,11.67,2023.01.24,4,15,8,7,4,2,11,13,8,3
Msb2,Hikaru,Indian-Game-Black-Knights-Tango,0.5,0.5,repetition,repetition,blitz,180+1,3056,3232,93.74,93.81,23:41:27,23:50:32,545.0,79,6.9,2023.01.24,13,36,15,13,1,11,39,17,9,1
Hikaru,exoticprincess,Caro-Kann-Defense-Two-Knights-Attack,0.5,0.5,agreed,agreed,blitz,180+1,3228,3041,97.93,99.68,23:51:10,23:53:32,142.0,7,20.29,2023.01.24,2,3,0,1,0,3,1,1,0,0
Hikaru,DanielNaroditsky,Indian-Game-East-Indian-London-System,1,0,win,resigned,blitz,180,3234,3118,92.84,84.8,16:59:46,17:04:14,268.0,41,6.54,2023.01.25,11,19,8,0,2,9,13,6,10,1
N0IDontThinkS0,Hikaru,Modern-Defense-with,0.5,0.5,stalemate,stalemate,blitz,180,2662,3227,85.5,86.04,17:04:02,17:09:48,346.0,71,4.87,2023.01.25,24,25,14,6,1,24,33,6,4,2
MITerryble,Hikaru,Modern-Defense-with,0,1,resigned,win,blitz,180,2962,3230,81.55,87.95,17:09:44,17:15:12,328.0,50,6.56,2023.01.25,7,20,14,7,1,3,32,8,5,1
Hikaru,Tberchess,Owens-Defense,1,0,win,resigned,blitz,180,3230,2574,88.39,84.29,17:15:11,17:18:43,212.0,45,4.71,2023.01.25,13,21,8,2,0,4,24,10,5,0
gokul999,Hikaru,Modern-Defense-with,0,1,resigned,win,blitz,180,2422,3230,78.77,88.45,17:18:52,17:22:29,217.0,48,4.52,2023.01.25,10,25,9,2,1,8,30,8,1,0
Hikaru,MITerryble,French-Defense-Normal-Variation,1,0,win,checkmated,blitz,180,3233,2947,91.24,89.52,17:22:13,17:28:50,397.0,89,4.46,2023.01.25,27,48,5,5,3,32,39,5,10,1
Mykola-Bortnyk,Hikaru,Modern-Defense-Standard-Line,0.5,0.5,repetition,repetition,blitz,180,2888,3227,81.04,80.56,17:28:39,17:34:05,326.0,52,6.27,2023.01.25,11,19,15,5,1,10,21,12,6,1
Hikaru,DamianoLew95,Closed-Sicilian-Defense-Grand-Prix-Attack,1,0,win,resigned,blitz,180,3227,2557,88.45,80.13,17:34:09,17:38:30,261.0,39,6.69,2023.01.25,3,24,7,4,0,2,21,5,8,1
Oleksandr_Bortnyk,Hikaru,Alekhines-Defense-Two-Pawns-Attack,1,0,win,resigned,blitz,180,3006,3214,83.02,74.33,17:38:19,17:43:25,306.0,37,8.27,2023.01.25,5,14,10,5,2,5,14,9,4,3
moro182,Hikaru,Modern-Defense-with,0,1,resigned,win,blitz,180,2894,3216,90.94,95.26,17:43:20,17:48:21,301.0,43,7.0,2023.01.25,6,25,5,3,3,8,19,10,4,1
wonderfultime,Hikaru,Indian-Game-Knights-Variation,0,1,timeout,win,blitz,180,2980,3219,83.74,87.36,17:48:09,17:54:43,394.0,86,4.58,2023.01.25,27,34,14,10,0,26,33,19,7,0
Hikaru,Oleksandr_Bortnyk,Alekhines-Defense-Scandinavian-Variation,1,0,win,resigned,blitz,180,3223,3010,90.14,82.6,17:54:42,18:00:20,338.0,40,8.45,2023.01.25,5,15,9,9,1,9,12,9,5,3
Hikaru,Neo-Noctem,Vienna-Game-Max-Lange-Vienna-Gambit,1,0,win,resigned,blitz,180,3224,2641,86.63,82.93,18:00:20,18:03:24,184.0,36,5.11,2023.01.25,7,19,7,2,0,0,26,3,5,0
Hikaru,moro182,Modern-Defense-Standard-Line,1,0,win,resigned,blitz,180,3226,2883,83.56,74.28,18:03:16,18:08:08,292.0,33,8.85,2023.01.25,2,17,6,6,1,3,11,9,8,1
Hikaru,gokul999,Caro-Kann-Defense-Two-Knights-Attack,1,0,win,resigned,blitz,180,3226,2435,74.13,68.54,18:08:16,18:11:50,214.0,41,5.22,2023.01.25,9,23,6,1,1,7,19,7,5,1
Hikaru,Mykola-Bortnyk,Queens-Pawn-Opening-Torre-Attack,1,0,win,resigned,blitz,180,3228,2867,90.67,76.87,18:11:51,18:14:43,172.0,21,8.19,2023.01.25,1,14,3,2,0,3,8,2,4,2
Hikaru,Payyappat,Indian-Game-Spielmann-Indian-Variation,1,0,win,resigned,blitz,180,3228,2440,94.24,77.24,18:14:53,18:16:22,89.0,20,4.45,2023.01.25,1,16,2,0,0,6,6,4,2,0
GiantAlienMoose,Hikaru,Modern-Defense-with,0,1,resigned,win,blitz,180,2520,3228,75.25,91.56,18:16:34,18:17:34,60.0,11,5.45,2023.01.25,1,6,2,0,1,3,7,0,0,0
moro182,Hikaru,Modern-Defense-with,0,1,checkmated,win,blitz,180,2891,3230,62.48,76.77,18:17:30,18:23:03,333.0,40,8.32,2023.01.25,2,19,7,10,1,6,13,11,8,1
Flaccidmoves,Hikaru,Modern-Defense-with,0,1,resigned,win,blitz,180,2564,3230,74.75,84.52,18:23:03,18:26:23,200.0,31,6.45,2023.01.25,5,13,6,4,2,6,15,8,1,0
Hikaru,N0IDontThinkS0,Vienna-Game-Main-Line-Paulsen-Attack,1,0,win,timeout,blitz,180,3231,2658,78.39,74.92,18:26:00,18:31:49,349.0,83,4.2,2023.01.25,19,48,12,3,0,25,45,2,7,2
Hikaru,Twitch_ElhamBlitz05,Caro-Kann-Defense-Two-Knights-Attack,0.5,0.5,agreed,agreed,blitz,180,3225,2915,90.19,90.66,18:31:58,18:37:53,355.0,77,4.61,2023.01.25,19,42,8,6,1,26,31,14,3,2
Hikaru,GiantAlienMoose,Vienna-Game-Max-Lange-Vienna-Gambit-Knight-Variation,1,0,win,resigned,blitz,180,3225,2525,77.26,73.0,18:37:46,18:42:47,301.0,66,4.56,2023.01.25,13,41,7,4,0,6,38,12,8,0
subham777,Hikaru,Modern-Defense-with,0,1,resigned,win,blitz,180,2616,3225,77.87,84.55,18:42:49,18:44:40,111.0,27,4.11,2023.01.25,2,18,5,1,0,6,16,4,0,0
Twitch_ElhamBlitz05,Hikaru,Modern-Defense-with,0,1,resigned,win,blitz,180,2914,3227,82.09,92.57,18:44:48,18:48:06,198.0,28,7.07,2023.01.25,7,11,4,2,3,6,18,1,2,0
DanielNaroditsky,Hikaru,Alekhines-Defense-Modern-Schmid-Variation,0.5,0.5,insufficient,insufficient,blitz,180,3082,3224,84.69,85.93,18:47:48,18:54:02,374.0,68,5.5,2023.01.25,13,30,15,9,0,11,36,11,8,0
Hikaru,Karttunen,Closed-Sicilian-Defense-Grand-Prix-Attack,1,0,win,resigned,blitz,180,3224,2560,89.96,86.64,18:54:13,18:56:41,148.0,35,4.23,2023.01.25,5,22,6,1,0,4,21,3,5,0
Hikaru,gionabaldo,Closed-Sicilian-Defense-Grand-Prix-Attack,1,0,win,resigned,blitz,180,3224,2310,91.13,74.39,18:56:55,18:58:51,116.0,30,3.87,2023.01.25,17,11,1,0,0,5,18,2,2,1
Hikaru,monsterreborn4,Reti-Opening,0,1,resigned,win,blitz,180,3211,2988,85.22,94.59,15:42:11,15:46:10,239.0,33,7.24,2023.01.26,4,14,5,7,2,0,9,22,0,0
monsterreborn4,Hikaru,Reti-Opening-Kingside-Fianchetto-Variation,1,0,win,timeout,blitz,180,3046,3199,87.28,80.97,15:46:14,15:50:56,282.0,27,10.44,2023.01.26,1,6,16,3,0,0,13,5,5,2
artooon,Hikaru,Caro-Kann-Defense-Advance-Van-der-Wiel-Attack,1,0,win,resigned,blitz,180,3009,3211,79.6,68.12,15:51:42,15:56:12,270.0,25,10.8,2023.01.26,3,11,5,4,1,2,7,6,5,3
Hikaru,artooon,Vienna-Game-Max-Lange-Vienna-Gambit-Knight-Variation,0,1,resigned,win,blitz,180,3199,3021,76.08,80.02,15:56:13,16:02:50,397.0,83,4.78,2023.01.26,29,36,9,6,2,23,44,6,6,2
artooon,Hikaru,Sicilian-Defense-Open-Najdorf-Freak-Attack,0,1,checkmated,win,blitz,180,3017,3203,75.82,82.24,16:02:52,16:06:34,222.0,27,8.22,2023.01.26,6,10,5,3,2,6,11,3,4,2
Hikaru,artooon,Reti-Opening-Nimzo-Larsen-Variation,0,1,resigned,win,blitz,180,3191,3029,72.18,74.95,16:06:35,16:12:54,379.0,53,7.15,2023.01.26,10,22,9,11,0,11,21,7,12,1
artooon,Hikaru,Caro-Kann-Defense-Advance-Van-der-Wiel-Attack,0,1,checkmated,win,blitz,180,3024,3196,72.59,85.51,16:12:58,16:17:06,248.0,26,9.54,2023.01.26,5,8,6,3,3,4,13,2,5,1
Hikaru,artooon,Ruy-Lopez-Opening-Berlin-Defense,1,0,win,resigned,blitz,180,3200,3020,86.13,75.97,16:17:05,16:23:00,355.0,49,7.24,2023.01.26,9,19,11,7,2,9,24,6,6,2
artooon,Hikaru,Caro-Kann-Defense-Advance-Van-der-Wiel-Attack,0,1,checkmated,win,blitz,180,3016,3204,82.39,94.59,16:23:02,16:28:23,321.0,41,7.83,2023.01.26,5,18,11,3,3,6,16,10,8,0
Oleksandr_Bortnyk,Hikaru,Caro-Kann-Defense-Bronstein-Larsen-Variation,1,0,win,resigned,blitz,180,3017,3192,95.21,84.88,16:29:36,16:30:47,71.0,18,3.94,2023.01.26,4,6,5,2,0,2,12,2,0,0
Hikaru,Oleksandr_Bortnyk,Alekhines-Defense-Maroczy-Variation,1,0,win,checkmated,blitz,180,3196,3013,77.34,73.39,16:30:32,16:36:13,341.0,48,7.1,2023.01.26,9,20,13,3,2,7,25,5,6,3
Oleksandr_Bortnyk,Hikaru,Caro-Kann-Defense-Accelerated-Panov-Open,0,1,resigned,win,blitz,180,3009,3200,81.82,92.42,16:36:24,16:41:05,281.0,46,6.11,2023.01.26,3,21,10,11,0,6,26,9,4,0
Hikaru,Oleksandr_Bortnyk,English-Opening,1,0,win,resigned,blitz,180,3204,3005,88.22,79.39,16:40:47,16:46:41,354.0,61,5.8,2023.01.26,23,25,5,3,4,22,22,7,5,3
Oleksandr_Bortnyk,Hikaru,Caro-Kann-Defense-Bronstein-Larsen-Variation,0.5,0.5,repetition,repetition,blitz,180,3009,3200,95.46,96.18,16:46:22,16:52:38,376.0,69,5.45,2023.01.26,15,30,16,6,1,9,41,8,9,1
Hikaru,Oleksandr_Bortnyk,English-Opening,1,0,win,timeout,blitz,180,3204,3005,86.25,84.55,16:52:18,16:58:59,401.0,89,4.51,2023.01.26,30,38,9,11,0,35,26,16,10,0
Oleksandr_Bortnyk,Hikaru,Caro-Kann-Defense-Bronstein-Larsen-Variation,0.5,0.5,repetition,repetition,blitz,180,3009,3200,81.13,79.36,16:59:01,17:04:14,313.0,43,7.28,2023.01.26,6,22,10,1,3,6,23,5,6,1
Hikaru,Oleksandr_Bortnyk,Alekhines-Defense-Maroczy-Variation,0,1,checkmated,win,blitz,180,3188,3021,73.86,88.38,17:04:10,17:07:15,185.0,29,6.38,2023.01.26,6,11,5,5,1,6,15,2,4,1
Oleksandr_Bortnyk,Hikaru,Alapin-Sicilian-Defense-Barmen-Defense,0,1,resigned,win,blitz,180,3017,3192,80.05,89.16,17:07:00,17:12:43,343.0,56,6.12,2023.01.26,13,22,13,5,2,9,30,9,6,1
Hikaru,DanielNaroditsky,English-Opening-Anglo-Indian-Queens-Knight-Variation,0,1,resigned,win,blitz,180,3181,3064,82.12,96.39,18:25:39,18:30:14,275.0,25,11.0,2023.01.26,2,13,2,4,3,2,9,7,5,1
DanielNaroditsky,Hikaru,Ruy-Lopez-Opening-Morphy-Defense-Anti-Marshall-Variation,0,1,resigned,win,blitz,180,3059,3186,89.51,89.05,18:29:57,18:35:41,344.0,55,6.25,2023.01.26,7,27,12,7,1,8,27,12,7,0
Hikaru,DanielNaroditsky,English-Opening-Anglo-Indian-Queens-Knight-Variation,0.5,0.5,agreed,agreed,blitz,180,3183,3062,76.58,76.92,18:35:26,18:41:18,352.0,59,5.97,2023.01.26,14,31,6,4,3,12,30,10,4,2
DanielNaroditsky,Hikaru,Ruy-Lopez-Opening-Morphy-Defense-Anti-Marshall-Variation,0,1,resigned,win,blitz,180,3057,3188,80.37,86.24,18:41:18,18:47:39,381.0,66,5.77,2023.01.26,20,27,11,4,3,8,36,12,8,1
Hikaru,DanielNaroditsky,Kings-Indian-Defense-Petrosian-Variation,1,0,win,resigned,blitz,180,3193,3052,89.7,79.33,18:47:32,18:50:55,203.0,28,7.25,2023.01.26,4,13,8,1,1,8,8,3,6,1
DanielNaroditsky,Hikaru,Ruy-Lopez-Opening-Morphy-Defense-Open,0.5,0.5,insufficient,insufficient,blitz,180,3055,3190,88.53,89.49,18:50:27,18:57:06,399.0,85,4.69,2023.01.26,30,36,7,10,1,21,45,9,7,1
Hikaru,DanielNaroditsky,Kings-Indian-Defense-Petrosian-Variation,1,0,win,resigned,blitz,180,3195,3050,87.79,85.1,18:56:52,19:01:52,300.0,53,5.66,2023.01.26,6,30,11,5,0,9,20,12,10,0
DanielNaroditsky,Hikaru,Ruy-Lopez-Opening-Morphy-Defense-Closed,0,1,checkmated,win,blitz,180,3045,3200,76.42,85.16,19:01:41,19:07:11,330.0,55,6.0,2023.01.26,13,24,6,10,1,3,33,13,5,0
Hikaru,DanielNaroditsky,Kings-Indian-Defense-Petrosian-Variation-Stein-Defense,1,0,win,resigned,blitz,180,3205,3040,91.21,82.66,19:07:04,19:09:33,149.0,30,4.97,2023.01.26,6,16,4,3,0,11,8,4,5,0
DanielNaroditsky,Hikaru,Ruy-Lopez-Opening-Morphy-Defense-Closed,0.5,0.5,agreed,agreed,blitz,180,3044,3201,96.77,97.2,19:09:27,19:11:29,122.0,27,4.52,2023.01.26,10,9,5,2,0,5,14,3,4,0
BuLolo,Hikaru,Dutch-Defense-Queens-Knight-Variation,0,1,resigned,win,blitz,180,3014,3205,71.46,78.53,21:00:01,21:05:07,306.0,33,9.27,2023.01.26,1,17,4,7,3,4,10,12,5,1
Hikaru,BuLolo,Reti-Opening-Quiet-System,0,1,resigned,win,blitz,180,3193,3026,76.68,85.38,21:05:08,21:08:45,217.0,29,7.48,2023.01.26,4,11,5,8,0,4,14,4,5,1
BuLolo,Hikaru,Dutch-Defense-Queens-Knight-Variation,0.5,0.5,repetition,repetition,blitz,180,3030,3189,86.62,86.25,21:08:35,21:14:52,377.0,73,5.16,2023.01.26,17,34,16,4,1,20,35,7,8,1
Hikaru,BuLolo,Closed-Sicilian-Defense-Grand-Prix-Schofman-Variation,1,0,win,resigned,blitz,180,3194,3025,95.09,85.61,21:14:51,21:16:56,125.0,18,6.94,2023.01.26,5,8,2,2,0,0,12,1,2,1
BuLolo,Hikaru,Dutch-Defense-Queens-Knight-Variation,1,0,win,resigned,blitz,180,3037,3182,87.6,79.85,21:16:59,21:19:11,132.0,19,6.95,2023.01.26,2,8,5,3,0,2,9,4,2,1
exoticprincess,Hikaru,Modern-Defense-with,0,1,resigned,win,blitz,180,3036,3187,82.89,90.84,21:20:14,21:23:24,190.0,22,8.64,2023.01.26,2,10,3,4,2,3,10,2,6,0
Hikaru,exoticprincess,Queens-Pawn-Opening,1,0,win,resigned,blitz,180,3192,3031,90.54,86.88,21:23:17,21:28:39,322.0,47,6.85,2023.01.26,7,23,8,6,2,8,20,7,9,1
exoticprincess,Hikaru,Modern-Defense-with,0,1,resigned,win,blitz,180,3026,3197,83.8,88.62,21:28:29,21:33:55,326.0,48,6.79,2023.01.26,6,21,13,5,2,9,19,11,7,1
Hikaru,exoticprincess,Queens-Pawn-Opening,1,0,win,resigned,blitz,180,3201,3022,89.14,81.82,21:33:47,21:38:48,301.0,43,7.0,2023.01.26,4,23,7,7,1,7,19,8,6,2
Hikaru,artooon,Bishops-Opening-Berlin-Vienna-Hybrid-Variation,1,0,win,checkmated,blitz,180,3205,3012,84.45,82.96,03:49:31,03:56:04,393.0,97,4.05,2023.01.27,31,43,14,8,0,33,41,17,2,2
artooon,Hikaru,Caro-Kann-Defense-Breyer-Variation,0,1,resigned,win,blitz,180,3008,3209,77.82,83.75,03:56:02,04:00:41,279.0,55,5.07,2023.01.27,15,26,7,5,1,11,26,15,2,0
Hikaru,artooon,Bishops-Opening-Berlin-Vienna-Hybrid-Variation,1,0,win,resigned,blitz,180,3213,3004,89.79,85.11,04:00:40,04:05:24,284.0,42,6.76,2023.01.27,4,18,14,5,0,8,19,6,5,2
artooon,Hikaru,Caro-Kann-Defense-Advance-Van-der-Wiel-Attack,0,1,resigned,win,blitz,180,3000,3217,72.98,73.49,04:05:23,04:10:47,324.0,48,6.75,2023.01.27,8,21,9,8,1,7,17,15,7,1
Hikaru,artooon,Alapin-Sicilian-Defense,1,0,win,resigned,blitz,180,3221,2996,91.27,78.72,04:10:49,04:13:01,132.0,23,5.74,2023.01.27,4,13,4,0,1,4,11,4,1,1
Hikaru,PLAYER_2006_M,Reti-Opening-Nimzo-Larsen-Variation,1,0,win,resigned,blitz,180,3224,2985,78.96,74.03,05:54:51,06:00:44,353.0,66,5.35,2023.01.27,15,33,8,9,0,20,24,9,10,1
PLAYER_2006_M,Hikaru,Queens-Pawn-Opening-Chigorin-Variation,0,1,resigned,win,blitz,180,2982,3227,82.55,89.22,06:00:43,06:05:01,258.0,34,7.59,2023.01.27,5,11,10,4,3,4,14,11,4,0
Hikaru,PLAYER_2006_M,Reti-Opening-Nimzowitsch-Larsen-Attack,1,0,win,resigned,blitz,180,3230,2979,95.55,88.0,06:05:04,06:08:01,177.0,27,6.56,2023.01.27,4,16,5,1,0,1,12,7,4,1
Hikaru,wonderfultime,Kings-Fianchetto-Opening,1,0,win,resigned,bullet,60,3270,3064,80.0,75.5,06:09:02,06:11:27,145.0,70,2.07,2023.01.27,32,34,2,1,0,23,44,1,0,0
wonderfultime,Hikaru,Mieses-Opening,0,1,resigned,win,bullet,60,3060,3274,85.37,92.6,06:11:27,06:12:09,42.0,20,2.1,2023.01.27,7,12,0,0,0,12,7,0,0,0
Hikaru,wonderfultime,English-Opening-Caro-Kann-Defensive-System,0,1,resigned,win,bullet,60,3262,3072,85.5,89.25,06:12:05,06:14:06,121.0,55,2.2,2023.01.27,24,28,2,0,0,17,35,2,0,0
wonderfultime,Hikaru,Kings-Fianchetto-Opening-Symmetrical-Variation,0,1,resigned,win,bullet,60,3068,3266,75.82,81.85,06:14:03,06:15:47,104.0,36,2.89,2023.01.27,15,17,2,1,0,11,19,4,1,0
Hikaru,wonderfultime,Nimzowitsch-Larsen-Attack-Classical-Variation,1,0,win,resigned,bullet,60,3270,3064,82.56,78.76,06:15:46,06:18:02,136.0,53,2.57,2023.01.27,20,27,4,1,0,15,32,3,1,0
artooon,Hikaru,Caro-Kann-Defense-Advance-Van-der-Wiel-Attack,0,1,resigned,win,blitz,180,3000,3233,70.44,76.14,06:19:06,06:24:44,338.0,62,5.45,2023.01.27,12,37,6,4,2,10,35,11,4,1
Hikaru,artooon,Indian-Game-Knights-Variation,1,0,win,resigned,blitz,180,3236,2997,88.73,85.16,06:24:36,06:30:43,367.0,103,3.56,2023.01.27,24,59,15,4,0,24,61,14,1,1
artooon,Hikaru,Caro-Kann-Defense-Advance-Van-der-Wiel-Attack,0,1,resigned,win,blitz,180,2994,3239,73.3,81.83,06:30:42,06:34:49,247.0,38,6.5,2023.01.27,8,14,6,8,1,5,18,10,4,0
Hikaru,artooon,Reti-Opening-Sicilian-Invitation,1,0,win,resigned,bullet,60,3274,3054,93.04,79.81,06:47:30,06:48:16,46.0,26,1.77,2023.01.27,11,14,0,0,0,13,10,1,0,0
Hikaru,Aqueen055,Modern-Defense-with,1,0,win,resigned,blitz,180,3241,2858,88.03,83.17,06:49:37,06:53:06,209.0,33,6.33,2023.01.27,4,20,4,4,0,3,15,7,6,0
Aqueen055,Hikaru,Reti-Opening-Kingside-Fianchetto-Variation,0,1,resigned,win,blitz,180,2856,3243,78.08,92.25,06:53:05,06:56:15,190.0,24,7.92,2023.01.27,1,11,5,5,1,3,10,7,3,0
Hikaru,wudileige,Mieses-Opening,1,0,win,resigned,bullet,60+1,3274,2945,89.34,80.84,06:58:57,07:01:21,144.0,31,4.65,2023.01.27,9,16,3,2,0,1,16,10,2,0
Hikaru,DanielNaroditsky,Reti-Opening-Quiet-System,0,1,resigned,win,bullet,60,3267,3333,80.2,87.07,07:01:15,07:02:37,82.0,29,2.83,2023.01.27,9,15,3,1,0,10,15,3,0,0
DanielNaroditsky,Hikaru,Modern-Defense-Standard-Line,1,0,win,resigned,bullet,60,3340,3260,79.52,74.55,07:02:28,07:03:41,73.0,31,2.35,2023.01.27,12,17,1,0,0,11,16,1,1,0
Hikaru,DanielNaroditsky,Caro-Kann-Defense,1,0,win,resigned,bullet,60,3270,3330,84.54,76.41,07:03:22,07:05:24,122.0,59,2.07,2023.01.27,18,40,0,0,0,19,38,0,0,0
DanielNaroditsky,Hikaru,Alapin-Sicilian-Defense,0.5,0.5,agreed,agreed,bullet,60,3329,3271,83.77,83.13,07:05:03,07:07:02,119.0,60,1.98,2023.01.27,25,31,3,0,0,18,40,0,0,0
Hikaru,DanielNaroditsky,Caro-Kann-Defense-Two-Knights-Attack,0.5,0.5,agreed,agreed,bullet,60,3272,3328,86.24,84.54,07:06:43,07:08:28,105.0,53,1.98,2023.01.27,21,30,1,0,0,22,28,0,1,0
DanielNaroditsky,Hikaru,Sicilian-Defense-Nimzowitsch-Advance-Variation,0,1,resigned,win,bullet,60,3319,3281,79.36,91.23,07:08:19,07:09:27,68.0,29,2.34,2023.01.27,10,16,1,1,0,9,18,1,0,0
Hikaru,DanielNaroditsky,Scandinavian-Defense-Closed,0.5,0.5,agreed,agreed,bullet,60,3282,3318,78.06,79.21,07:09:04,07:11:11,127.0,66,1.92,2023.01.27,26,38,0,1,0,29,33,2,0,0
DanielNaroditsky,Hikaru,Bishops-Opening-Berlin-Vienna-Hybrid-Variation,0.5,0.5,agreed,agreed,bullet,60,3317,3283,96.09,95.34,07:11:04,07:11:57,53.0,25,2.12,2023.01.27,10,13,1,0,0,8,14,2,0,0
Hikaru,DanielNaroditsky,Caro-Kann-Defense-Two-Knights-Attack,1,0,win,resigned,bullet,60,3292,3308,85.49,72.11,07:11:50,07:12:39,49.0,25,1.96,2023.01.27,9,15,0,0,0,11,11,1,0,0
DanielNaroditsky,Hikaru,Ruy-Lopez-Opening-Berlin-lHermet-Showalter-Variation,1,0,win,resigned,bullet,60,3316,3284,77.5,76.09,07:12:24,07:14:10,106.0,47,2.26,2023.01.27,16,29,1,0,0,14,29,1,1,0
Hikaru,DanielNaroditsky,Caro-Kann-Defense-Two-Knights-Mindeno-Exchange-Line,1,0,win,resigned,bullet,60,3293,3307,91.47,83.81,07:13:51,07:15:43,112.0,57,1.96,2023.01.27,25,29,2,0,0,23,29,3,0,0
DanielNaroditsky,Hikaru,Caro-Kann-Defense-Goldman-Variation,0,1,resigned,win,bullet,60,3299,3301,66.25,90.29,07:15:44,07:15:58,14.0,8,1.75,2023.01.27,3,4,0,0,0,2,5,0,0,0
Hikaru,DanielNaroditsky,Modern-Defense-Standard-Line,1,0,win,resigned,bullet,60,3309,3291,72.06,66.31,07:15:43,07:17:25,102.0,44,2.32,2023.01.27,14,25,4,0,0,15,25,2,0,0
DanielNaroditsky,Hikaru,Caro-Kann-Defense-Advance-Short-Variation-with,0,1,resigned,win,bullet,60,3283,3317,82.71,87.53,07:16:52,07:19:27,155.0,83,1.87,2023.01.27,34,46,2,0,0,39,40,3,0,0
Hikaru,Oleksandr_Bortnyk,Vant-Kruijs-Opening,0,1,timeout,win,bullet,60,3308,3271,78.67,83.61,17:59:35,18:02:06,151.0,63,2.4,2023.01.28,23,32,7,0,0,25,35,1,1,0
GGuseinov,Hikaru,Owens-Defense,0,1,resigned,win,bullet,60,2856,3309,74.79,79.79,18:02:02,18:03:28,86.0,27,3.19,2023.01.28,7,15,3,1,0,13,11,1,1,0
Hikaru,Keithonsky,Closed-Sicilian-Defense-Traditional-Line,1,0,win,timeout,bullet,60,3309,2589,80.32,70.86,18:03:23,18:05:31,128.0,49,2.61,2023.01.28,18,28,1,1,0,4,39,4,0,0
Hikaru,snowlord,Modern-Defense-Standard-Line,1,0,win,resigned,bullet,60,3310,2816,88.08,82.37,18:05:24,18:06:43,79.0,32,2.47,2023.01.28,14,16,1,0,0,14,8,8,0,0
Hikaru,Abund,Vienna-Game-Main-Line-Paulsen-Attack,1,0,win,resigned,bullet,60,3311,2857,82.99,72.56,18:06:38,18:08:34,116.0,45,2.58,2023.01.28,18,21,5,0,0,8,32,2,1,0
Fandorine,Hikaru,Reti-Opening-Kingside-Fianchetto-Variation,0,1,resigned,win,bullet,60,2960,3313,81.93,87.12,18:08:24,18:09:49,85.0,40,2.12,2023.01.28,17,22,0,0,0,14,25,0,0,0
Hikaru,jcibarra,Closed-Sicilian-Defense,1,0,win,resigned,bullet,60,3315,2920,88.11,82.13,18:09:46,18:11:33,107.0,51,2.1,2023.01.28,18,31,1,0,0,18,29,2,0,0
Hikaru,Msb2,French-Defense-Queens-Knight-Variation,1,0,win,checkmated,bullet,60,3319,3108,92.06,82.36,18:11:19,18:12:51,92.0,47,1.96,2023.01.28,19,27,0,0,0,17,27,0,1,0
FairChess_on_YouTube,Hikaru,Modern-Defense-with,0,1,timeout,win,bullet,60,3078,3322,66.77,70.24,18:12:43,18:15:07,144.0,60,2.4,2023.01.28,21,35,3,0,0,21,34,4,0,0
Indianlad,Hikaru,Modern-Defense-with,0,1,resigned,win,bullet,60,2851,3323,81.15,87.43,18:15:08,18:17:29,141.0,60,2.35,2023.01.28,16,42,1,0,0,24,33,0,2,0
vi_pranav,Hikaru,Reti-Opening-Kingside-Fianchetto-Variation,1,0,win,resigned,bullet,60,3144,3311,80.74,76.75,18:17:25,18:18:42,77.0,32,2.41,2023.01.28,13,15,3,0,0,13,14,3,0,0
Hikaru,wonderfultime,Closed-Sicilian-Defense-Grand-Prix-Attack,1,0,win,resigned,bullet,60,3316,3162,79.66,75.19,18:18:48,18:21:05,137.0,61,2.25,2023.01.28,19,40,1,0,0,20,36,3,0,0
Hikaru,vi_pranav,Vienna-Game-Max-Lange-Vienna-Gambit,1,0,win,resigned,bullet,60,3320,3141,91.9,76.41,18:21:08,18:21:58,50.0,18,2.78,2023.01.28,8,8,1,0,0,7,8,0,1,0
jcibarra,Hikaru,Modern-Defense-with,0,1,checkmated,win,bullet,60,2906,3321,73.05,89.87,18:22:07,18:22:43,36.0,17,2.12,2023.01.28,8,7,0,1,0,9,7,0,0,0
Mykola-Bortnyk,Hikaru,Modern-Defense-Standard-Line,0.5,0.5,repetition,repetition,bullet,60,2847,3314,84.87,85.23,18:22:36,18:24:30,114.0,45,2.53,2023.01.28,18,22,3,1,0,16,23,4,1,0
Hikaru,ChristopherYoo,French-Defense-Normal-Variation,1,0,win,timeout,bullet,60,3317,3041,83.62,84.37,18:24:14,18:26:43,149.0,68,2.19,2023.01.28,33,32,1,1,0,24,39,3,0,0
Hikaru,Msb2,French-Defense-Normal-Variation,1,0,win,timeout,bullet,60,3321,3092,74.26,78.08,18:26:31,18:28:56,145.0,55,2.64,2023.01.28,22,27,4,1,0,24,24,4,1,0
Hikaru,FairChess_on_YouTube,Pirc-Defense,0.5,0.5,repetition,repetition,bullet,60,3317,3117,78.51,79.63,18:29:11,18:31:01,110.0,41,2.68,2023.01.28,12,25,2,1,0,10,27,3,0,0
Fandorine,Hikaru,Reti-Opening-Kingside-Fianchetto-Variation,1,0,win,checkmated,bullet,60,2995,3303,77.95,68.46,18:30:44,18:33:19,155.0,72,2.15,2023.01.28,31,35,5,0,0,29,37,3,1,0
AldokhinIvan,Hikaru,Kings-Fianchetto-Opening,0,1,timeout,win,bullet,60,2619,3303,78.2,76.39,18:33:12,18:35:17,125.0,44,2.84,2023.01.28,11,25,7,0,0,14,25,4,0,0
Savagelittlemole,Hikaru,Reti-Opening-Kingside-Fianchetto-Variation,0,1,resigned,win,bullet,60,2459,3303,75.16,78.5,18:35:05,18:36:53,108.0,43,2.51,2023.01.28,11,27,4,0,0,17,24,1,0,0
Rakesh,Hikaru,Modern-Defense-Standard-Line,0,1,resigned,win,bullet,60,2565,3303,80.21,85.04,18:36:55,18:38:46,111.0,51,2.18,2023.01.28,15,33,2,0,0,22,26,2,0,0
Sam_ChessMood,Hikaru,Modern-Defense-Standard-Line,0,1,resigned,win,bullet,60,2887,3304,77.09,80.89,18:38:44,18:40:24,100.0,37,2.7,2023.01.28,12,21,3,0,0,11,24,1,0,0
Mykola-Bortnyk,Hikaru,Modern-Defense-Standard-Line,0.5,0.5,repetition,repetition,bullet,60,2876,3297,81.23,82.97,18:40:09,18:42:16,127.0,45,2.82,2023.01.28,13,24,7,0,0,20,14,8,1,0
Hikaru,FairChess_on_YouTube,Pirc-Defense,0.5,0.5,repetition,repetition,bullet,60,3293,3134,77.95,81.9,18:42:08,18:44:11,123.0,42,2.93,2023.01.28,17,20,3,1,0,11,21,8,0,0
JaloliddinIlkhomi,Hikaru,Modern-Defense-with,0,1,resigned,win,bullet,60,2669,3293,86.54,96.79,18:44:18,18:44:44,26.0,16,1.62,2023.01.28,9,6,0,0,0,6,9,0,0,0
anon6121824,Hikaru,Reti-Opening-Kingside-Fianchetto-Variation,0,1,resigned,win,bullet,60,2961,3295,83.85,93.97,18:44:43,18:45:41,58.0,28,2.07,2023.01.28,10,16,1,0,0,9,18,0,0,0
Hikaru,viktorskliarov,Closed-Sicilian-Defense-Grand-Prix-Schofman-Variation,1,0,win,resigned,bullet,60,3296,2702,70.83,63.44,18:45:32,18:47:24,112.0,40,2.8,2023.01.28,16,19,2,2,0,8,27,3,0,0
GiftedThing,Hikaru,Modern-Defense,0,1,resigned,win,bullet,60,2117,3296,78.21,89.12,18:47:24,18:48:05,41.0,15,2.73,2023.01.28,4,9,1,0,0,6,8,0,0,0
arminmusovic,Hikaru,Anderssen-Opening,0,1,resigned,win,bullet,60,2619,3296,69.9,93.13,18:48:01,18:48:55,54.0,22,2.45,2023.01.28,6,12,3,0,0,8,12,1,0,0
starworld123,Hikaru,Modern-Defense-with,0,1,resigned,win,bullet,60,2771,3297,84.77,88.91,18:48:55,18:49:39,44.0,19,2.32,2023.01.28,4,14,0,0,0,6,12,0,0,0
Hikaru,GulenayAydin,Closed-Sicilian-Defense-Grand-Prix-Attack,1,0,win,resigned,bullet,60,3297,2585,85.53,68.94,18:49:45,18:50:59,74.0,19,3.89,2023.01.28,6,11,1,0,0,3,9,3,2,0
Hikaru,wonderfultime,Closed-Sicilian-Defense-Grand-Prix-Attack,1,0,win,resigned,bullet,60,3302,3178,95.54,87.64,18:50:59,18:51:57,58.0,25,2.32,2023.01.28,11,13,0,0,0,9,13,1,0,0
Oleksandr_Bortnyk,Hikaru,Modern-Defense-with,0,1,resigned,win,bullet,60,3241,3309,87.82,95.94,18:51:59,18:52:31,32.0,21,1.52,2023.01.28,11,9,0,0,0,11,9,0,0,0
elm2007,Hikaru,Modern-Defense-Standard-Line,0,1,timeout,win,bullet,60,2889,3310,77.62,77.26,18:52:19,18:54:39,140.0,61,2.3,2023.01.28,23,32,5,0,0,24,32,4,0,0
Hikaru,Oleksandr_Bortnyk,Alekhines-Defense-Scandinavian-Variation,0,1,resigned,win,bullet,60,3301,3253,74.43,77.48,18:54:22,18:56:30,128.0,56,2.29,2023.01.28,21,31,3,0,0,15,39,1,0,0
Hikaru,Fandorine,Kings-Indian-Defense-Normal-Variation,1,0,win,resigned,bullet,60,3303,2941,93.85,88.22,18:56:29,18:57:59,90.0,40,2.25,2023.01.28,13,26,0,0,0,13,23,2,0,0
jaskol95,Hikaru,Modern-Defense-with,0,1,resigned,win,bullet,60,2568,3303,81.05,90.23,18:57:55,18:59:09,74.0,33,2.24,2023.01.28,8,23,1,0,0,12,20,0,0,0
ChristopherYoo,Hikaru,Modern-Defense-with,0,1,resigned,win,bullet,60,3055,3306,74.43,82.7,18:59:03,19:00:26,83.0,30,2.77,2023.01.28,12,15,1,1,0,10,17,2,0,0
vi_pranav,Hikaru,Modern-Defense-with,0,1,resigned,win,bullet,60,3065,3309,84.23,91.17,19:00:31,19:01:28,57.0,27,2.11,2023.01.28,10,15,1,0,0,12,13,1,0,0
Azeryahu,Hikaru,Modern-Defense,0,1,resigned,win,bullet,60,2805,3310,84.5,88.53,19:01:24,19:02:47,83.0,28,2.96,2023.01.28,10,13,3,1,0,15,9,1,2,0
Hikaru,Oleksandr_Bortnyk,Reti-Opening-Nimzo-Larsen-Variation,0,1,resigned,win,bullet,60,3301,3274,67.46,70.25,19:02:36,19:04:44,128.0,49,2.61,2023.01.28,19,24,5,0,0,15,30,2,1,0
chessdjw,Hikaru,English-Opening-Great-Snake-Variation,0,1,resigned,win,bullet,60,2594,3301,63.56,78.57,19:04:39,19:05:58,79.0,26,3.04,2023.01.28,5,15,4,1,0,12,13,0,0,0
doublesik,Hikaru,Modern-Defense-with,0,1,timeout,win,bullet,60,2566,3301,72.58,71.36,19:05:43,19:07:41,118.0,44,2.68,2023.01.28,8,29,6,0,0,14,28,1,0,0
steepedgames,Hikaru,Nimzowitsch-Larsen-Attack,0,1,resigned,win,bullet,60,2460,3301,81.2,83.48,19:07:30,19:09:21,111.0,46,2.41,2023.01.28,17,25,3,0,0,21,21,2,1,0
ulises2013,Hikaru,Modern-Defense-with,0,1,resigned,win,bullet,60,2837,3302,73.15,78.0,19:09:02,19:11:22,140.0,62,2.26,2023.01.28,22,35,4,0,0,21,38,2,0,0
Micki-taryan,Hikaru,Modern-Defense-with,0,1,checkmated,win,bullet,60,3039,3305,76.69,79.15,19:11:12,19:13:13,121.0,49,2.47,2023.01.28,19,25,3,1,0,16,27,5,0,0
Mr_Penings,Hikaru,Polish-Opening,0,1,resigned,win,bullet,60,2785,3306,75.99,82.99,19:13:12,19:14:55,103.0,37,2.78,2023.01.28,11,18,6,1,0,16,17,3,0,0
Oleksandr_Bortnyk,Hikaru,Modern-Defense-with,0,1,resigned,win,bullet,60,3245,3313,76.66,85.79,19:14:42,19:16:16,94.0,38,2.47,2023.01.28,14,20,2,1,0,12,24,1,0,0
MolecularChemist,Hikaru,Modern-Defense-with,0,1,checkmated,win,bullet,60,2948,3315,74.73,85.68,19:16:07,19:17:46,99.0,35,2.83,2023.01.28,8,22,3,1,0,13,17,4,0,0
Hikaru,MITerryble,French-Defense-Queens-Knight-Variation,1,0,win,resigned,bullet,60,3318,3078,91.78,86.21,19:17:32,19:19:19,107.0,52,2.06,2023.01.28,20,30,1,0,0,16,33,1,0,0
JaloliddinIlkhomi,Hikaru,Modern-Defense-with,0,1,timeout,win,bullet,60,2633,3318,62.69,69.09,19:19:09,19:21:31,142.0,57,2.49,2023.01.28,17,36,2,1,0,23,27,6,0,0
Hikaru,Fandorine,Closed-Sicilian-Defense-Grand-Prix-Attack,1,0,win,resigned,bullet,60,3320,2983,88.99,81.7,19:21:32,19:22:38,66.0,21,3.14,2023.01.28,6,14,0,0,0,4,12,2,1,0
Hikaru,ViralduS,Closed-Sicilian-Defense-Grand-Prix-Schofman-Variation,1,0,win,resigned,bullet,60,3320,2707,86.96,74.01,19:22:38,19:23:49,71.0,30,2.37,2023.01.28,12,16,1,0,0,9,18,2,0,0
MolecularChemist,Hikaru,Modern-Defense-with,0,1,resigned,win,bullet,60,2945,3322,75.12,84.81,19:23:34,19:25:37,123.0,46,2.67,2023.01.28,12,28,3,2,0,12,31,2,0,0
Hikaru,anon6121824,Closed-Sicilian-Defense-Grand-Prix-Schofman-Variation,0.5,0.5,repetition,repetition,bullet,60,3316,3013,79.95,74.72,19:25:34,19:27:05,91.0,35,2.6,2023.01.28,13,17,4,0,0,14,15,5,0,0
stollenmonster,Hikaru,Modern-Defense-with,0,1,resigned,win,bullet,60,2776,3317,78.13,90.7,19:27:00,19:28:12,72.0,32,2.25,2023.01.28,10,20,1,0,0,9,22,0,0,0
FairChess_on_YouTube,Hikaru,Modern-Defense-with,0,1,resigned,win,bullet,60,3091,3321,72.22,80.68,19:28:08,19:29:44,96.0,29,3.31,2023.01.28,8,15,5,0,0,8,16,3,1,0
starworld123,Hikaru,Modern-Defense-with,0,1,resigned,win,bullet,60,2780,3322,81.15,92.44,19:29:41,19:30:55,74.0,28,2.64,2023.01.28,5,18,4,0,0,12,14,1,0,0
ymflb8hj43890rfjiwo93i,Hikaru,Queens-Gambit-Declined-Queens-Knight-Variation,0,1,resigned,win,bullet,60,2708,3322,78.08,83.17,19:30:44,19:32:58,134.0,58,2.31,2023.01.28,18,36,3,0,0,19,38,0,0,0
Hikaru,CrazyMartian,Reti-Opening-Nimzowitsch-Larsen-Attack,1,0,win,checkmated,bullet,60,3322,2400,83.94,78.11,19:32:47,19:34:43,116.0,65,1.78,2023.01.28,30,34,0,0,0,27,34,2,0,0
malakismayil,Hikaru,Modern-Defense-Standard-Line,0,1,timeout,win,bullet,60,2431,3322,68.59,76.7,19:34:38,19:36:37,119.0,41,2.9,2023.01.28,7,28,5,0,0,14,25,1,0,0
rasmussvane,Hikaru,Reti-Opening-Kingside-Fianchetto-Variation,0,1,resigned,win,bullet,60,3025,3325,80.66,88.78,19:36:32,19:37:32,60.0,29,2.07,2023.01.28,10,17,1,0,0,13,14,1,0,0
ritanovikova,Hikaru,Vant-Kruijs-Opening,0,1,timeout,win,bullet,60,2098,3325,68.59,71.98,19:37:29,19:39:28,119.0,45,2.64,2023.01.28,8,31,5,0,0,18,23,3,0,0
Gmedmundo,Hikaru,Modern-Defense-Standard-Line,0,1,checkmated,win,bullet,60,2496,3325,76.59,86.46,19:39:15,19:41:17,122.0,48,2.54,2023.01.28,15,30,2,0,0,13,29,5,0,0
MVM2008,Hikaru,Modern-Defense-Standard-Line,0,1,resigned,win,bullet,60,2581,3325,79.78,87.26,19:41:04,19:43:09,125.0,53,2.36,2023.01.28,17,30,5,0,0,19,31,2,0,0
Hikaru,Konavets,Caro-Kann-Defense,1,0,win,resigned,bullet,60,3328,3083,87.73,80.32,19:43:02,19:44:35,93.0,38,2.45,2023.01.28,9,26,2,0,0,13,20,3,0,0
DonkyDonkyDonkey,Hikaru,Caro-Kann-Defense-Two-Knights-Attack,0,1,resigned,win,bullet,60,2876,3329,82.99,85.39,19:44:26,19:46:14,108.0,47,2.3,2023.01.28,18,26,2,0,0,20,22,4,0,0
Hikaru,NotYetFinish,Closed-Sicilian-Defense-Grand-Prix-Variation,0,1,resigned,win,bullet,60,3317,3154,74.97,82.98,19:46:16,19:46:41,25.0,16,1.56,2023.01.28,8,7,0,0,0,9,6,0,0,0
DonkyDonkyDonkey,Hikaru,Modern-Defense-Standard-Line,0,1,resigned,win,bullet,60,2879,3318,78.94,89.64,19:46:36,19:47:57,81.0,33,2.45,2023.01.28,8,21,3,0,0,10,22,0,0,0
exoticprincess,Hikaru,Nimzowitsch-Larsen-Attack,1,0,win,checkmated,bullet,60,2833,3303,83.67,68.41,19:47:49,19:49:43,114.0,35,3.26,2023.01.28,11,17,6,0,0,10,18,3,2,0
Meri-Arabidze,Hikaru,Reti-Opening-Kingside-Fianchetto-Variation,0,1,timeout,win,bullet,60,2700,3303,77.29,80.78,19:49:38,19:51:46,128.0,58,2.21,2023.01.28,15,39,3,0,0,23,34,0,0,0
Grandmaster2B,Hikaru,Modern-Defense-with,0,1,resigned,win,bullet,60,2820,3304,77.97,82.74,19:51:32,19:53:14,102.0,44,2.32,2023.01.28,13,28,2,0,0,16,27,0,0,0
MITerryble,Hikaru,Modern-Defense-with,0,1,resigned,win,bullet,60,3095,3308,85.26,90.62,19:53:11,19:54:07,56.0,27,2.07,2023.01.28,10,14,2,0,0,13,12,1,0,0
Tonychess32,Hikaru,Caro-Kann-Defense,1,0,win,resigned,bullet,60,2625,3292,83.42,74.45,19:53:54,19:55:56,122.0,52,2.35,2023.01.28,12,37,2,0,0,15,32,3,0,0
Meri-Arabidze,Hikaru,Reti-Opening-Sicilian-Invitation,0,1,resigned,win,bullet,60,2694,3293,80.41,84.76,19:55:51,19:57:24,93.0,34,2.74,2023.01.28,8,22,2,1,0,14,19,0,0,0
NotYetFinish,Hikaru,Three-Knights-Opening-Winawer-Defense,0.5,0.5,agreed,agreed,blitz,180,3039,3239,76.79,76.71,17:55:57,18:02:00,363.0,69,5.26,2023.01.30,22,26,10,9,1,13,40,8,6,1
Hikaru,NotYetFinish,Reti-Opening-Quiet-System,0.5,0.5,agreed,agreed,blitz,180,3235,3048,76.15,77.32,18:01:42,18:07:31,349.0,83,4.2,2023.01.30,15,54,8,5,0,26,38,10,7,1
NotYetFinish,Hikaru,Ruy-Lopez-Opening-Morphy-Defense-Anderssen-Variation,0,1,resigned,win,blitz,180,3039,3239,83.94,92.89,18:07:23,18:12:59,336.0,40,8.4,2023.01.30,7,16,9,4,3,4,19,11,3,2
Hikaru,NotYetFinish,Sicilian-Defense-Open-Prins-Variation,0,1,resigned,win,blitz,180,3227,3064,87.96,91.88,18:13:24,18:18:47,323.0,42,7.69,2023.01.30,4,24,5,6,2,8,15,10,8,0
NotYetFinish,Hikaru,Three-Knights-Opening-Winawer-Defense,0,1,resigned,win,blitz,180,3055,3232,65.25,80.2,18:18:45,18:23:04,259.0,30,8.63,2023.01.30,3,10,8,7,1,2,11,11,4,1
Hikaru,NotYetFinish,English-Opening-Symmetrical-Two-Knights-Variation,1,0,win,resigned,blitz,180,3236,3047,81.02,75.16,18:22:58,18:27:35,277.0,33,8.39,2023.01.30,4,13,6,8,1,3,11,8,8,1
Hikaru,Firouzja2003,Grunfeld-Defense-Brinckmann-Capablanca-Variation,1,0,win,resigned,blitz,180,3241,3073,88.12,78.57,18:35:49,18:40:34,285.0,27,10.56,2023.01.30,3,9,7,6,1,2,7,8,5,3
Firouzja2003,Hikaru,Ruy-Lopez-Opening-Berlin-Defense,0,1,resigned,win,blitz,180,3069,3245,84.13,90.8,18:40:18,18:46:22,364.0,58,6.28,2023.01.30,14,29,7,4,3,11,28,10,6,2
Hikaru,Firouzja2003,Trompowsky-Attack,0,1,resigned,win,blitz,180,3233,3081,75.56,81.54,18:46:13,18:51:04,291.0,42,6.93,2023.01.30,3,23,9,5,1,5,17,10,6,2
Firouzja2003,Hikaru,Ruy-Lopez-Opening-Berlin-Defense,0,1,resigned,win,blitz,180,3076,3238,89.18,94.28,18:50:57,18:54:30,213.0,33,6.45,2023.01.30,5,17,4,5,1,6,15,8,2,1
Hikaru,Firouzja2003,Trompowsky-Attack,0.5,0.5,repetition,repetition,blitz,180,3235,3079,97.57,97.74,18:54:15,19:00:01,346.0,56,6.18,2023.01.30,11,27,8,6,3,10,24,13,6,1
Firouzja2003,Hikaru,Nimzo-Indian-Defense-Samisch-Variation,0,1,resigned,win,blitz,180,3074,3240,79.14,85.2,18:59:54,19:04:45,291.0,29,10.03,2023.01.30,5,11,4,4,4,4,10,7,6,1
Hikaru,Firouzja2003,Queens-Pawn-Opening-Levitsky-Attack,0,1,resigned,win,blitz,180,3228,3086,83.8,86.31,19:04:37,19:10:28,351.0,39,9.0,2023.01.30,4,17,8,6,3,3,15,10,8,1
Firouzja2003,Hikaru,English-Opening-Kings-English-Variation,0.5,0.5,insufficient,insufficient,blitz,180,3089,3225,85.25,85.95,19:10:02,19:16:35,393.0,87,4.52,2023.01.30,30,38,8,8,2,25,42,11,7,0
Hikaru,Firouzja2003,Reti-Opening,0,1,resigned,win,blitz,180,3214,3100,77.08,90.67,19:16:27,19:21:04,277.0,30,9.23,2023.01.30,7,9,4,6,3,4,15,3,6,1
Firouzja2003,Hikaru,English-Opening-Kings-English-Variation,0,1,resigned,win,blitz,180,3095,3219,77.33,81.46,19:20:55,19:26:55,360.0,44,8.18,2023.01.30,9,18,6,8,2,6,20,10,4,3
Hikaru,Firouzja2003,Trompowsky-Attack,0.5,0.5,agreed,agreed,blitz,180,3216,3098,95.12,94.52,19:26:49,19:29:29,160.0,31,5.16,2023.01.30,5,16,6,3,0,8,14,4,4,0
Firouzja2003,Hikaru,Nimzo-Indian-Defense-Kmoch-Variation,0,1,resigned,win,blitz,180,3093,3221,83.84,85.97,19:29:17,19:35:10,353.0,49,7.2,2023.01.30,14,20,5,6,3,12,25,3,5,3
Hikaru,Firouzja2003,Owens-Defense,0,1,resigned,win,blitz,180,3210,3104,78.42,83.1,19:35:02,19:40:30,328.0,38,8.63,2023.01.30,5,15,10,4,3,6,15,7,6,3
Firouzja2003,Hikaru,Queens-Gambit-Declined,0.5,0.5,repetition,repetition,blitz,180,3106,3208,89.58,89.05,19:40:08,19:46:15,367.0,73,5.03,2023.01.30,15,40,10,6,1,20,41,3,6,2
Hikaru,Firouzja2003,Mieses-Opening-Reversed-Rat-Variation,0.5,0.5,agreed,agreed,blitz,180,3206,3108,89.46,90.35,19:46:12,19:49:40,208.0,28,7.43,2023.01.30,1,15,5,6,0,6,7,7,7,0
Firouzja2003,Hikaru,Indian-Game-East-Indian-Anti-Nimzo-Indian-Variation,0.5,0.5,insufficient,insufficient,blitz,180,3110,3204,98.24,98.1,19:49:23,19:55:15,352.0,64,5.5,2023.01.30,12,34,8,7,2,15,26,13,7,1
Hikaru,DanielNaroditsky,Reti-Opening-Quiet-System,1,0,win,resigned,bullet,60,3301,3290,82.22,74.44,19:56:00,19:57:39,99.0,33,3.0,2023.01.30,8,21,2,1,0,11,15,4,1,0
DanielNaroditsky,Hikaru,Modern-Defense-with,1,0,win,resigned,bullet,60,3298,3293,90.58,86.04,19:57:28,19:58:56,88.0,35,2.51,2023.01.30,14,18,2,0,0,13,15,4,1,0
Hikaru,DanielNaroditsky,Kings-Indian-Defense,0,1,resigned,win,bullet,60,3285,3306,83.2,86.99,19:59:25,20:00:57,92.0,45,2.04,2023.01.30,16,27,1,0,0,18,24,2,0,0
DanielNaroditsky,Hikaru,Caro-Kann-Defense-Fantasy-Variation,0,1,resigned,win,bullet,60,3298,3293,78.23,83.97,20:01:18,20:03:22,124.0,60,2.07,2023.01.30,26,30,2,1,0,22,35,2,0,0
kikoveiga,Hikaru,English-Opening-Great-Snake-Variation,0,1,resigned,win,blitz,180+1,2539,3204,85.77,93.73,15:59:56,16:04:14,258.0,30,8.6,2023.01.31,4,12,7,4,2,4,14,5,4,2
Hikaru,CSB7,Kings-Indian-Attack-Double-Fianchetto-Variation,1,0,win,resigned,blitz,180+1,3205,2683,95.55,82.31,16:10:02,16:16:45,403.0,42,9.6,2023.01.31,4,20,8,6,3,3,13,10,11,3
Hikaru,Matibar,Kings-Indian-Attack,1,0,win,resigned,blitz,180+1,3206,2798,86.96,83.66,16:29:33,16:36:43,430.0,54,7.96,2023.01.31,4,26,13,9,1,6,28,7,8,3
Hikaru,stollenmonster,Reti-Opening-Kings-Indian-Attack,1,0,win,resigned,blitz,180+1,3208,2870,85.62,78.74,16:43:29,16:50:28,419.0,36,11.64,2023.01.31,5,15,6,7,2,5,12,5,9,3
Cayse,Hikaru,Modern-Defense-Standard-Line,0,1,checkmated,win,blitz,180+1,2871,3210,78.43,81.58,16:59:28,17:07:58,510.0,63,8.1,2023.01.31,8,33,10,7,4,7,35,9,7,4
BegmuratovKh2010,Hikaru,Modern-Defense-Standard-Line,0,1,resigned,win,blitz,180+1,2730,3211,78.94,87.19,17:09:49,17:17:05,436.0,42,10.38,2023.01.31,3,16,7,12,3,1,20,10,9,1
Hikaru,FabianoCaruana,Ruy-Lopez-Opening-Morphy-Defense-Columbus-Variation,0,1,timeout,win,blitz,180+1,3199,3037,86.81,91.95,17:22:31,17:29:56,445.0,39,11.41,2023.01.31,5,18,6,5,4,6,17,5,7,3
Msb2,Hikaru,Dutch-Defense,0.5,0.5,repetition,repetition,blitz,180+1,3013,3195,86.15,84.37,17:33:22,17:41:02,460.0,44,10.45,2023.01.31,8,16,9,6,4,4,17,10,8,3
Hikaru,vugarrasulov,Kings-Indian-Attack-Yugoslav-Variation,1,0,win,checkmated,blitz,180+1,3198,2958,75.89,70.41,17:50:11,17:58:09,478.0,53,9.02,2023.01.31,5,26,12,6,3,3,21,12,14,1
Njal28,Hikaru,Ruy-Lopez-Opening-Morphy-Defense-Modern-Steinitz-Defense,0,1,resigned,win,blitz,180+1,2965,3201,72.47,76.45,18:00:25,18:09:05,520.0,71,7.32,2023.01.31,14,28,18,7,3,13,31,12,13,1
Hikaru,exoticprincess,English-Opening-Anglo-Indian-Queens-Knight-Variation,1,0,win,timeout,blitz,180+1,3206,3048,81.88,76.19,18:10:47,18:17:32,405.0,35,11.57,2023.01.31,2,15,7,7,3,1,13,5,11,3
Hikaru,Njal28,Reti-Opening-Nimzowitsch-Larsen-Attack,0.5,0.5,repetition,repetition,blitz,180,3201,2958,88.17,89.08,19:46:49,19:52:40,351.0,79,4.44,2023.01.31,22,38,14,3,1,33,26,10,6,2
Njal28,Hikaru,Modern-Defense-with,0,1,resigned,win,blitz,180,2955,3204,75.34,80.24,19:52:21,19:58:28,367.0,68,5.4,2023.01.31,12,32,15,8,0,10,38,11,5,2
Hikaru,Njal28,Kings-Indian-Defense,1,0,win,resigned,blitz,180,3207,2952,89.94,82.35,19:58:18,20:00:53,155.0,33,4.7,2023.01.31,3,20,6,3,0,9,15,4,3,0
Njal28,Hikaru,Dutch-Defense,0,1,resigned,win,blitz,180,2949,3210,77.38,90.75,20:00:48,20:03:04,136.0,22,6.18,2023.01.31,6,12,2,0,1,2,11,7,1,0
Hikaru,Njal28,Modern-Defense,1,0,win,resigned,blitz,180,3213,2946,82.05,70.15,20:02:59,20:05:21,142.0,20,7.1,2023.01.31,1,11,5,2,0,4,7,3,3,1
TheMandaIorian,Hikaru,Caro-Kann-Defense-Two-Knights-Mindeno-Exchange-Line,0,1,resigned,win,blitz,180,2941,3216,72.38,78.52,20:05:37,20:11:15,338.0,72,4.69,2023.01.31,6,43,17,5,0,11,41,12,7,0
Hikaru,TheMandaIorian,Bishops-Opening,1,0,win,resigned,blitz,180,3219,2938,92.17,82.48,20:11:12,20:15:45,273.0,42,6.5,2023.01.31,2,22,15,2,0,5,16,13,4,2
TheMandaIorian,Hikaru,Caro-Kann-Defense-Two-Knights-Attack,0,1,resigned,win,blitz,180,2935,3222,77.49,85.86,20:15:41,20:21:22,341.0,40,8.53,2023.01.31,8,16,8,4,3,4,22,8,3,2
Hikaru,TheMandaIorian,Kings-Indian-Defense,1,0,win,resigned,blitz,180,3225,2932,92.23,80.31,20:21:18,20:25:08,230.0,43,5.35,2023.01.31,5,21,14,2,0,4,20,12,5,0
TheMandaIorian,Hikaru,Caro-Kann-Defense-Two-Knights-Mindeno-Exchange-Line,0,1,resigned,win,blitz,180,2929,3228,79.32,83.85,20:25:06,20:30:03,297.0,36,8.25,2023.01.31,6,16,6,5,2,6,13,7,9,0
Hikaru,TheMandaIorian,Closed-Sicilian-Defense-Grand-Prix-Schofman-Variation,1,0,win,resigned,blitz,180,3230,2927,89.0,83.15,20:30:02,20:33:40,218.0,27,8.07,2023.01.31,1,12,9,4,0,1,12,6,3,3
Njal28,Hikaru,Caro-Kann-Defense-Exchange-Variation,0,1,resigned,win,blitz,180,2943,3233,78.33,92.57,21:22:57,21:25:11,134.0,19,7.05,2023.01.31,5,6,3,3,1,2,6,8,2,0
Hikaru,Njal28,Trompowsky-Attack,1,0,win,resigned,blitz,180,3236,2940,97.12,81.34,21:25:13,21:26:22,69.0,14,4.93,2023.01.31,0,8,4,1,0,1,10,1,0,0
Njal28,Hikaru,Nimzowitsch-Larsen-Attack-Classical-Variation,0.5,0.5,insufficient,insufficient,blitz,180,2946,3230,81.85,82.84,21:25:51,21:32:29,398.0,90,4.42,2023.01.31,23,43,17,5,1,29,42,10,6,2
Hikaru,Njal28,Pirc-Defense-Main-Line-Austrian-Dragon-Formation,0,1,resigned,win,blitz,180,3217,2959,80.05,87.26,21:32:23,21:38:16,353.0,69,5.12,2023.01.31,17,36,8,6,1,17,29,13,7,1
Njal28,Hikaru,Sicilian-Defense-Kan-Maroczy-Bind-Formation,1,0,win,resigned,blitz,180,2972,3204,87.13,77.57,21:38:11,21:41:38,207.0,23,9.0,2023.01.31,2,11,5,2,2,4,8,4,4,1
Hikaru,Njal28,Bishops-Opening-Berlin-Vienna-Hybrid-Variation,0,1,resigned,win,blitz,180,3191,2985,66.33,67.71,21:41:24,21:47:51,387.0,62,6.24,2023.01.31,14,33,6,5,3,8,32,12,7,2
Njal28,Hikaru,Sicilian-Defense-Kan-Maroczy-Bind-Formation,1,0,win,resigned,blitz,180,2997,3179,90.64,85.45,21:47:43,21:52:16,273.0,38,7.18,2023.01.31,7,15,9,4,2,7,18,6,3,2
Hikaru,Njal28,Bishops-Opening-Berlin-Vienna-Hybrid-Variation,1,0,win,resigned,blitz,180,3183,2993,88.14,77.92,21:52:12,21:54:31,139.0,20,6.95,2023.01.31,6,9,4,0,0,3,10,1,2,2
Russian_berezka,Hikaru,Modern-Defense-Standard-Two-Knights-Variation,0,1,resigned,win,blitz,180+1,2534,3183,78.07,89.15,21:59:57,22:04:20,263.0,31,8.48,2023.01.31,3,11,5,5,6,6,18,5,1,0
Hikaru,olksuna,Reti-Opening,1,0,win,timeout,blitz,180+1,3184,2704,90.52,83.74,22:10:23,22:16:07,344.0,32,10.75,2023.01.31,4,15,5,6,1,0,7,11,9,3
Hikaru,Topblitz,Reti-Opening-Quiet-System,1,0,win,resigned,blitz,180+1,3186,2793,82.87,72.57,22:20:10,22:27:21,431.0,42,10.26,2023.01.31,3,18,9,8,3,4,11,13,10,2
TigrVShlyape,Hikaru,Queens-Pawn-Opening-Symmetrical-Variation,0.5,0.5,insufficient,insufficient,blitz,180+1,2898,3181,90.81,90.73,22:30:36,22:38:36,480.0,65,7.38,2023.01.31,2,43,8,9,2,13,29,8,13,1
Hikaru,ChristopherYoo,Reti-Opening-Quiet-System,1,0,win,resigned,blitz,180+1,3184,2924,96.02,86.37,22:48:10,22:53:45,335.0,27,12.41,2023.01.31,2,9,8,5,2,3,7,5,5,5
AryanTari,Hikaru,French-Defense-Classical-Steinitz-Boleslavsky-Variation,0,1,timeout,win,blitz,180+1,2889,3174,73.9,81.22,23:10:15,23:17:06,411.0,25,16.44,2023.01.31,4,7,5,5,3,3,11,1,6,3
Hikaru,MITerryble,English-Opening-Reversed-Sicilian-Taimanov-Bremen-Hort-Variation,0,1,checkmated,win,blitz,180+1,3162,2980,80.0,85.89,23:21:35,23:30:42,547.0,77,7.1,2023.01.31,16,32,16,10,2,8,44,9,12,3
